source,reference,baseline_nllb_prediction,baseline_nllb_sentence_chrf,original_lora_prediction,original_lora_sentence_chrf,semantic_lora_prediction,semantic_lora_sentence_chrf
105 زیرمې بک په PocketFruity بک امتیازات نه,"Ang 'Lucky New Year' ay LIVE sa Black Diamond, Spartan Slots at Box 24!",105 deposit book on PocketFruity book no bonuses,5.5030508499034765,105 No Deposit Book Prizes at PocketFruity Book,7.959966148882473,105 No Deposit Book Prizes at PocketFruity Book,7.959966148882473
.: پاييز 1392، جلد 9، شماره 3,.: Year 12، No. 2,": p. 1392, volume 9, number 3",9.142650569996972,": Page 1392, Volume 9, No. 3",16.3981701197821,": Pieces 1392, Volume 9, No. 3",15.34723862847156
سامسونګ له خپلو نويو موبایلونو پرده پورته کړه,Abdullah says won't join election ticket of any presidential...,Samsung unveiled its new phones,6.599891295908067,Samsung has unveiled its new phones,6.770430259379559,Samsung has unveiled its new phones,6.770430259379559
د ویب پاڼې ازموینه، د سیسټم څخه چې په شیکاګو کې موقعیت لري، TTFB: 486ms.,"Webpage Test, from server located at Chicago, TTFB: 486ms.","Website test, from a system based in Chicago, TTFB: 486ms.",53.0265556381614,"Website test, from a system located in Chicago, TTFB: 486ms.",58.86654356486144,"Website test, from a system located in Chicago, TTFB: 486ms.",58.86654356486144
ذخيره شما: $2.40 (60%),Bazic #2B Premium Wood Pencil - 12/Pack,Savings: $2.40 (60%),1.666666666666667,Your savings: $2.40 (60%),2.8409090909090904,Savings: $2.40 (60%),1.666666666666667
تناوب ظرفیت: 20 ټنه اعظمي,Rotation capacity 20 tons maximum,Turning capacity: 20 tonnes maximum,44.95343908196291,Turning capacity: 20 tonnes maximum,44.95343908196291,Turning capacity: 20 tonnes maximum,44.95343908196291
PE کاربن Spiral پیاوړی نل تولید,Plastic Pipe Production Line,PE Carbon Spiral Strengthened Pipe Production,46.60160538144096,PE Carbon Spiral Strengthened Pipe Production,46.60160538144096,PE Carbon Spiral Strengthened Pipe Production,46.60160538144096
4 Min BGA او مايکرو BGA جګوالی او توپ حساب 0،008 په. (0.2mm) جګوالی، توپ حساب د 1000 څخه زیات,"4 Min BGA and Micro BGA pitch and ball counts 0.008 in. (0.2mm) pitch, ball count greater than 1000","4 Min BGA and Micro BGA accuracy and ball count 0.008 in. (0.2mm) accuracy, ball count greater than 1000",76.52942782965951,"4 Min BGA and Micro BGA torque and ball account 0.008 in. (0.2mm) torque, ball account more than 1000",61.521251298078795,"4 Min BGA and Micro BGA ball and ball account 0.008 in. (0.2mm) ball, ball account more than 1000",61.199334271769224
نړیواله ډله: د اسلامی هیوادونو د غونډو ترمنځه اتحادیه ۱۱ کانفرانس په د بهمن میاشته څلورم نېټې باندې د اسلامی شورا غونډې مشر په شتون سره بغداد کې شروع شو.,TEHRAN (IQNA) – The United Arab Emirates’ Ministry of Culture and Knowledge Development plans to launch the ninth session of the Ramadan Forum for Quran calligraphy at Dubai Festival City on Sunday.,International Group: The 11th Conference between the Assemblies of Islamic Countries kicked off in Baghdad on the fourth day of the meeting of the Islamic Council in Baghdad.,16.711583764867836,International Group: The 11th Conference between the Assemblies of Islamic Countries was inaugurated in Baghdad on the 4th day of the month of Bahman in the presence of the head of the meeting of the Islamic Council.,18.249053005095373,International Group: The 11th Conference between the Assemblies of Islamic Countries was inaugurated in Baghdad on the 4th day of the meeting of the Islamic Council in the presence of the President of the Assembly.,17.98110876102893
د هند حیدرآباد جومات په کلینیک کښې د بېلابېلو دینونو منونکو نه ښه راغلاست,Young Australian Arbaeen Pilgrim Talks about How Everyone Is Attracted to Imam Hussein (AS),Hyderabad mosque in India welcomes people of different faiths to the clinic,10.37204403483536,"In India, the Hyderabad mosque welcomes people of different faiths to the clinic.",10.207268241390787,Welcome Muslims of Diverse Religions to Hyderabad Mosque in India,11.298054674464126
4 متره لاس ترس,Big Aluminum Stage TSA-4,4 meters,2.747252747252747,4 meters hand thrust,4.3316831683168315,4 meters hand thrust,4.3316831683168315
HGH کلینیک تایلنډ - په بنکاک کې د درملتون څخه د انتقال جینتروپین,HGH Kit Thailand - kit of Genotropin pens from Pfizer in Bangkok,HGH Clinic Thailand - transfer genotropin from a pharmacy in Bangkok,43.687739542441705,HGH Clinic Thailand - Transfer Genotropin from pharmacy in Bangkok,46.332958126177935,HGH Clinic Thailand - Transfer Genotropin from pharmacy in Bangkok,46.332958126177935
ټول د نیپون هوايي شرکت (3 liveries),All Nippon Airways (3 liveries),All Nippon Airlines (3 liveries),76.29871397225368,All Nippon Airlines (3 liveries),76.29871397225368,All Nippon Airlines (3 liveries),76.29871397225368
د مرستیال ژوند لیک د راجستر شویو سیاسی حزبونو لیست,Deputy Minister in Social Affairs - ‌Biography,List of registered political parties,11.583516304171463,List of registered political parties List of registered political parties,10.741287774493042,List of registered political parties,11.583516304171463
د کیسې کیسه کولو تخنیک #7. د لوستونکي کیسه شریک کړئ ...,Storytelling technique #7. Share a reader's story…,Storytelling technique #7. Share the reader's story...,81.55829841441037,Storytelling technique #7. Share the reader's story...,81.55829841441037,Story-telling technique #7. Share the reader's story...,73.44742282462498
نیلي پرده کې تېروتنه,Lahenda väljastamine Arvuti +,Blue screen error,4.773043866796331,Error in blue screen,5.726394793958494,Error in blue screen,5.726394793958494
PEX پایپ extrusion ماشین,Pvc Pipe Extruder Machine,PEX pipe extrusion machine,23.941498762909937,PEX pipe extrusion machine,23.941498762909937,PEX pipe extrusion machine,23.941498762909937
© کوه رون ته ځي. کوه رونګ ټاپو، کرون پریه سیانکوک، کمبوډیا,"How to Get to Koh Rong (From Sihanoukville, Phnom Penh & More)","© Going to Koh Rong Island, Crown Properties Sihanouk, Cambodia",28.420836754018925,"© Go to Koh Rong Island, Crown Pride Sihanouk, Cambodia",28.385361960035237,"© Go to Koh Rong. Koh Rong Island, Crown Prairie Sihanouk, Cambodia",27.96733358221425
ټیزس ریلی جان 13، 2020 0,They may also have credit card or personal debt.”,"Thesis Relay January 13, 2020 0",6.632838510092117,"Thesis Relay January 13, 2020 0",6.632838510092117,"Thesis Relay January 13, 2020 0",6.632838510092117
ښه والی د معلوماتو په زیرمه زيانمن ټولو ډول دوتنې وځلیږي لکه د جدولونو، چارتونه، فورمولونه، تبصرې، انځورونه او داسې نور.,There are two modes of the program i.e. Wizard mode and the Standard mode which makes the program equally usable for all the users and therefore it is highly recommended.,"Improvement reduces the loss of data in all types of files such as tables, charts, formulas, comments, images, etc.",14.75976534165595,"Improvement in the database will eliminate all types of files such as tables, charts, formulas, comments, images and so on.",16.15035435762119,"Improvement in the database will eliminate all types of files such as tables, charts, formulas, comments, images, etc.",15.057847788814588
له کوره د کرزي د تېښتې اوازه هم خپره شوې ده او ویل کېږي، چې له کوره وتلی دی او معلومه نه ده، چې چېرته تښتېدلی دی؟,"We try to reduce violence against women in Bamyan, Karima Salek says",The story of Karzai's escape from home has also been published and it is said that he left home and it is not known where he fled.,13.058868117932976,He said that he has left the house and it is not known where he fled.,9.340515366616822,He said that he left the house and it is not known where he fled.,9.217291603217541
د څپې د پسرلي فشار محاسبه,Calculation Of Wave Spring Pressure,Calculation of spring wave pressure,45.501130569261825,Calculation of wavelength spring pressure,43.80681947455765,Calculation of wavelength spring pressure,43.80681947455765
دڅیړنوپایلې اوپه هیوادکې دسرطان ناروغۍ:,Mr Tanha is awarded the first research poster prize.,Research findings and cancer in the country:,17.513459778714527,The results of the study and cancer in the country:,12.211625137477963,Research findings and cancer in the country:,17.513459778714527
د FileCatalyst او کارینګ انډول پیژندنه,Understanding the FileCatalyst and Caringo Integration,Identification of FileCatalyst and operating modules,37.657645998143686,FileCatalyst and Carrying module recognition,39.823566065242,Identification of FileCatalyst and Working Module,35.9464533107858
2.If د محصول اندازه دي لویو، موږ به تاسو ته يو څه تخفيف ورکړي.,"2.If the product quantities are larger, we will give you a discount.","2.If the product size is larger, we will give you some discount.",68.04075352302162,"2.If the product size is larger, we will give you some discount.",68.04075352302162,"2.If the product size are larger, we will give you some discount.",73.43917033613477
Wood غاړکۍ Rosaries Wood غاړکۍ Rosaries,Wood Necklace Rosaries Wood Necklace Rosaries,Wood ribs Rosaries Wood ribs Rosaries,45.31263043455919,Wood Brace Rosaries Wood Brace Rosaries,57.33332608651456,Wood Brace Rosaries Wood Brace Rosaries,57.33332608651456
بریښنالیک کیدی شي ډیر وخت وي، خو چوپړ وي!,"Email can be a huge time-suck, but it doesn’t have to be!","E-mail can be time consuming, but time consuming!",29.692088644369885,"Email can be time consuming, but it can be boring!",38.16683559861861,"Email can be time consuming, but it can be boring!",38.16683559861861
د وزير اعلیٰ سندهـ بيان په ضد به اېم کیو اېم,Air Chief Marshal Sohail Aman,High-Secretary Sanda's statement against MQM,8.085373955960517,"In the meantime, we will be discussing the future of the country and the future of Afghanistan.",8.769417584225687,"In addition, the Ministry of Foreign Affairs and the Ministry of Foreign Affairs of the Republic of Kazakhstan has issued a statement against the MQM.",7.498403250574151
د نوي کوریا سبک لوله پلیکا، د زړه قلف ...,Stainless Steel Jewelry New Design Pink Bow Bow...,"New Korean style plaka, heart lock ...",11.758829940511575,"New Korean style type plaka, heart lock ...",11.824479729403498,"New Korean style type plaka, heart lock ...",11.824479729403498
ب لوی بکس او يا نورو ځانګړو بستې پر غوښتنې امکان هم شته.,B. Big Bag or other special packages are possible on request.,Large boxes or other special cases are also available on request.,50.57421868114494,There is also the possibility of large boxes or other special cases on request.,47.38854958678614,There is also the possibility of large boxes or other special items on request.,46.92556610667742
فارسی - Resources available in Persian | QCOSS Community Door Skip to main content,د شرکت جوړېدنه | QCOSS Community Door Skip to main content,Persian - Resources available in Persian QCOSS Community Door Skip to main content,63.81219226292875,QCOSS Community Door Skip to main content,73.55686739717532,QCOSS Community Door Skip to main content,73.55686739717532
felis Sed Nullam efficitur. dapibus felis Curabitur consequat. accumsan adipiscing ipsum اصلي محتوا ته لاړشی,felis Sed Nullam efficitur. dapibus felis Curabitur consequat. accumsan adipiscing ipsum Skip to main content,felis Sed Nullam efficitur. dapibus felis Curabitur consequat. accumsan adipiscing ipsum go to the original content,85.347416744819,felis Sed Nullam efficitur. dapibus felis Curabitur consequat. accumsan adipiscing ipsum go to original content,86.01324995563104,felis Sed Nullam efficitur. dapibus felis Curabitur consequat. accumsan adipiscing ipsum go to original content,86.01324995563104
په مادي توګه د فرعي لیستونو جوړولو لپاره برخه.,Segment manually to create sub-lists.,Physically part to form sub-lists.,34.47245798270298,Physically part to create sub-lists.,58.781656569230215,Physically part to create sub-lists.,58.781656569230215
نام :hebat ساعت : 10:14:52 AM تاریخ: 10 دي 1390,Name: Time : 7:21:37 AM Date : 6/2/2009,Name: hebat time: 10:14:52 AM Date: 10 is 1390,35.7797722796399,Name :hebat Hour : 10:14:52 AM Date: 10 are 1390,32.50997566115761,Name :hebat time : 10:14:52 AM Date: 10 are 1390,35.62390798402807
د ټولنیزې سولې بهیر د ښځو په مشري د ولایتي کميټو له لارې پلی کیږي,2. promoting mutual respect between men and women.,The social peace process is carried out through provincial committees led by women,15.568644920766536,The social peace process is implemented through provincial committees led by women,16.331899146056266,The social peace process is implemented through provincial committees led by women,16.331899146056266
په افغانستان کې لوموړنی اسلامي بانک پرانستل شو,Afghan minerals in the crosshairs of Blackwater's Erik Prince,First Islamic Bank opened in Afghanistan,14.879392711176099,The first Islamic bank opened in Afghanistan,15.43742340671872,First Islamic Bank opened in Afghanistan,14.879392711176099
یوتلست 3B 3 ° E,Forum WeTeK Play on 4PDA,Utilised 3B 3° E,1.3440860215053763,Utopia 3B 3° E,1.3736263736263739,Utilised 3B 3° E,1.3440860215053763
", د جمهوريت د تانزانيا ته","Tanzania, United Republic of 1",", the Republic of Tanzania",55.0544584196943,", the Republic of Tanzania",55.0544584196943,", the Republic of Tanzania",55.0544584196943
USA-Casino-Online.com > د XXUMX وړیا ندی ډیری زیرمه کیونس د Play150Win Casino کې,USA-Casino-Online.com > Giochi Online Gratuiti > 3 Reel Slot 3 Reel Slot,USA-Casino-Online.com > 150 Free No Deposit Deposit at the Play150Win Casino,33.08390406216145,USA-Casino-Online.com > 150 Free No Deposit Bonus at Play150Win Casino,32.625629654627986,USA-Casino-Online.com > 150 Free No Most Deposit Bonus at Play150Win Casino,32.37191593999498
15 لیترونه د دوړو دوړو ثبوت تحلیل کونکی,15 Liters Double Dust Proof Dispersion Kneader,15 liters of dust dust proof analyzer,16.853251161982445,15 liters dust dust proof analyzer,16.729736454346746,15 liters dust dust proof analyzer,16.729736454346746
پروژه کلينيک سعادت آباد,Supply luminaires of Sabzevaar governorship project,Project Clinic Saadabad,10.984077336268008,Project Clinic Saadatabad,10.87430832351312,Project Clinic Saadatabad,10.87430832351312
**** (قانون جزای افغانستان ، ۱۳۵۵) .,America’s public reaction has been as remarkable as the disclosure…for the reaction has been no reaction.,"**** (Afghan Penal Code, 1355).",3.582909583912218,"**** (Afghan Penal Code, 1355).",3.582909583912218,"**** (Afghan Penal Code, 1355).",3.582909583912218
د کورس نوم: SCJA OCP جاوا SE 7 Programmer د روزنې او تصدیق کورس,Course name: CompTIA Security+ Certification Training,Course name: SCJA OCP Java SE 7 Programmer Training and Certification Course,49.91495558500398,Course Name: SCJA OCP Java SE 7 Programmer Training and Certification Course,40.41869389080779,Course Name: SCJA OCP Java SE 7 Programmer Training and Certification Course,40.41869389080779
د خصوصی حریم د ساتنی پالیسی د وروستی ځل لپاره د 2010 کال د مارچ په 2 بیا وکتل شوه.,This Privacy Policy was last updated on 2 March 2010.,The Privacy Protection Policy was last revised on 2 March 2010.,68.4428646786931,The Privacy Protection Policy was last revised on 2 March 2010.,68.4428646786931,The Privacy Protection Policy was last revised on 2 March 2010.,68.4428646786931
لاس اګاس ، سان جوآن دی لا رمبلا ، ټینریف,"Las Aguas, San Juan de la Rambla , Tenerife","Las Agas, San Juan de la Rambala, and Tenerife",70.17552040838233,"Las Agas, San Juan de la Rambla, Tenerife",88.07995142093854,"Las Agas, San Juan de la Rambla, Tenerife",88.07995142093854
"سیټریک اسید - 1,7 ګرام","Citric Acid - 1,7 Gram","Citric acid - 1,7 grams",51.7819584052704,"Citric acid - 1,7 grams",51.7819584052704,"Citric acid - 1,7 grams",51.7819584052704
یادونه: دا تفصیلات یواځې حواله ده، هر ډول بدلون د بال مل د تولید محصولات دي.,"Note:This specification is just reference,any changes are subject to the ball mill products.","Note: These details are for reference only, any changes are the product of the ball mill manufacture.",44.67800797851875,"Note: These details are for reference only, any changes to the ball mill are manufactured products.",49.33755027397138,"Note: These details are for reference only, any changes are ball mill manufacturing products.",45.258736769346946
د نشتوالي توجیه لپاره د بریښناليک ټلیفوني نومبر نومبر 25th، 2018,"Email template to justify an absence November 25th, 2018","E-mail phone call to justify the absence November 25th, 2018",65.73150492520035,"E-mail telephone for justification of absence November 25th, 2018",59.07828461091157,"Email phone call for justification of absence November 25th, 2018",58.61894193467324
پاكسان در نمايشگاه بين المللي مواد شوينده و بهداشتي,Paxan cares about family health,Paxsan International Exhibition on Materials and Sanitation,10.56951720555694,"In the meantime, we are going to have to look at some of the issues that have been discussed in the past.",10.170427929574478,Pakshan at the International Exhibition of Materials and Sanitation,10.922777137202505
اعظمي ریسایکل کول ، د پیسو مینځلو ماشینونه.,"Maximum Recycling,Money Making Machines.","Maximum recycling, money laundering machines.",45.0281183522954,"Maximum recycling, money laundering machines.",45.0281183522954,"Maximum recycling, money laundering machines.",45.0281183522954
لوبه: د لاری او میدانی زخاسته- د سخو 100 متره,"Discipline: Track & Field, Men's 100m Sprint",Match: 100 metres of track and field,15.115813728226884,Game: Track and field decorated- 100 meters of snow,22.401418239454713,Game: Track and field decorated- 100 meters of snow,22.401418239454713
د سرور اداره کولو لپاره د سرور کنټرول پینل (Plesk)، د ویډیو انسټالټ، ویب پاڼې سایټ، د کاروونکو کنترول، او ډاټابیسیز مدیریت.,"Server Control Panel (Plesk) for server management, WordPress installation, webmail setup, users control, and databases management.","Server control panel (Plesk) for managing the server, video installation, website site, user control, and database management.",57.55600842844074,"Server control panel (Plesk) for server management, video installation, website site, user control, and database management.",66.16045200755767,"Server control panel (Plesk) for server management, video installation, website site, user control, and database management.",66.16045200755767
سياست‌هاي پولي، اعتباري و نظارتي نظام بانکي کشور، مصوب يکهزار و يکصد و سي و چهارمين جلسه شوراي محترم پول و اعتبار مورخ 20/10/1390,"The main objectives of macroeconomic policies, in general, and monetary policies, in particular, are price stability, economic growth and a favorable employment level.... more","Monetary policy, credit and supervisory system Banking Country, approved 1 0134th session of the Council",15.181533004235249,"Political, Monetary and Supervisory System Banking Country, Resolution One Thousand One Hundred One Hundred Fourth Session Council Honorable Paul and Accreditation dated 20/10/1390",17.073789549622006,"Political, monetary and supervisory system Banking Country, Resolution One Thousand One Hundred One Hundred Fourth Session Council Honorable Paul and Accreditation dated 20/10/1390",18.005278641534968
"د خپرېدو نېټه: Sep 06, 2011","Publish Date: Nov 26, 2011","Release date: Sep 06, 2011",27.526324724467138,"Published on: Sep 06, 2011",38.987372062062455,"Release date: Sep 06, 2011",27.526324724467138
ATHENA مشرتابه د عالي Bay,New LED High Bay With Graphene Housing,Athena's leadership of the Great Bay,12.19130466566098,ATHENA Leadership of the Great Bay,12.28181711436756,Athena Leadership of the Great Bay,12.720079613421381
په انباؤن کې بازار موندنه یو غیر فعاله ستراتیژي ده چې تاسو ته تمه لري.,Inbound marketing is any passive strategy that attracts prospects to you.,Inbound marketing is a passive strategy that awaits you.,61.74158625795493,Inbound marketing is a passive strategy that is expected of you.,60.69106765662979,Inbound marketing is a passive strategy that awaits you.,61.74158625795493
تلپاتې لرګيو کمپرسور د لېږد یو,Durable Wood Chips Screw Conveyor,Permanent wood compressor is a transport,10.03402510578373,Permanent wood compressor a transfer,9.817273226247645,Permanent wood compressor a transfer,9.817273226247645
د ویګاس - 400٪ بکسونه د جولای په 19، 2018,"Slots Of Vegas - 400% Bonus An t-Iuchar 19, 2018","Vegas - 400% boxes as of July 19, 2018",41.570500364143314,"Vegas - 400% boxes on July 19, 2018",41.790840672593895,"Vegas - 400% boxes July 19, 2018",41.315237943242714
په بامیانو کې میرمنو یو بریالی هنري بازار پرانیستی - The Migrant Project,Women in Bamiyan province set up successful art bazaar - The Migrant Project,Women in Bamyan open a successful art market - The Migrant Project,58.48929982237756,Women in Bamyan opened a successful art market - The Migrant Project,58.1826470427955,Women in Bamyan opened a successful art market - The Migrant Project,58.1826470427955
د جاکارتا قرآن کریم په مقابلو کښې د اندونیزیا ۴۲ ماشومانو مقابلې + انځور,"TEHRAN (IQNA) – Sheikh Mahmoud Abul Wafa al-Saeidi, a prominent Quran reciter in Egypt, died at the age of 64.",42 Indonesian children compared to the Koran in Jakarta + image,10.050354738219,42 Indonesian children compared to the Quran in Jakarta + image,12.015812197161084,42 Indonesian children vs. Jakarta Quran Quran + Image,9.313705153376633
1.5L مینی یوایسبی اسیریم د مچھلی ټانک LCD LCD Timer د لمر لامپ تور - shoppingxirect24.com - SDXNX,1.5L Mini USB Aquarium Fish Tank LCD Timer Clock LED Lamp Light Black – shoppingdirect24.com - SD24,1.5L Mini USB Aquarium Fish Tank LCD LCD Timer Solar lamp black - shoppingxirect24.com - SDXNX,61.62375430090465,1.5L Mini USB Aquarium Fish Tank LCD LCD Timer Solar Lamp Black - shoppingxirect24.com - SDXNX,64.51110583444371,1.5L Mini USB Aquarium Fish Tank LCD LCD Timer Solar Lamp Black - shoppingxirect24.com - SDXNX,64.51110583444371
1. د ورکړې شرایط؟,1. Payment Terms ?,1. Payment terms?,68.39785214785215,1. Conditions of payment?,32.14189827204712,1. Conditions of payment?,32.14189827204712
تاسو کولای تل په Wondershare عکس راستنولو تکیه وکړو فوجی عکس بیرته څخه فوجی د ګڼياليزې کامرې او عکسونه بیرته. ...,"If you want to recover data from your hard drive, you might need to find and the local hard drive recovery service and let staff here to help you. ...",You can always rely on Wondershare Photo Recovery to recover Fuji photos from Fuji digital cameras and photos. ...,22.311407515042706,You can always rely on Wondershare Photo Recovery to recover Fuji Photo from Fuji Digital Camera and photos. ...,22.373383974408476,You can always rely on Wondershare Photo Recovery to recover images and images from Fuji Digital Camera. ...,21.844390847153374
د مطالبو او انځورونو د بیا خپرولو لپاره زمونږ سره اړيکه ونیسئ,43: Should India change its Afghan strategy? 27.08.2013|Politics,Contact us for re-publishing materials and images,9.978012433934973,Contact us for re-publishing materials and images,9.978012433934973,Get in touch with us for re-publishing materials and images,11.086496534060444
نعت- څومره دي خوږ دی ښکلی نوم محمد (ﷺ),Don't call your self King of Kings! پښتو,How sweet is the name Muhammad?,3.5601265822784813,"The Prophet (peace and blessings of Allah be upon him) said: ""O Muhammad!",12.470468148034458,"The Prophet (peace and blessings of Allah be upon him) said: ""The Prophet (peace and blessings of Allah be upon him) said:",10.452560480204513
د ټاکل شوې غونډې په اړه تر اوسه پورې، ښاغلی اتو او ات به زما ځای بدل کړي او یو تفصيلي راپور واستوي.,"Concerning the meeting scheduled so far, Mr. So-and-so will replace me and send me a detailed report.","On the scheduled meeting so far, Mr. Eight and Eight will change my seat and send a detailed report.",53.02679900437168,"As far as the scheduled meeting is concerned, Mr. Eight and Eight will change my seat and send a detailed report.",48.91466055609988,"As far as the scheduled meeting is concerned, Mr. Eight and Eight will change my seat and send a detailed report.",48.91466055609988
جرګه کښې به د فاټا،خیبرپښتونخوااودبلوچستان د پښتون ضلعو خلکو ته د شرکت بلنه ورکولی شي,"However, while our commitments are firm on finding a negotiated settlement taking along all key stake holders, we do not wish to raise false hopes and expectations.","The assembly will be able to invite the people of the districts of Fata, Khyber Pakhtunkhwa and Baluchistan to join the company",13.693443507545608,"The meeting will invite people from PATA, Khyber Pakhtunkhwa and Peshawar districts to attend the meeting.",13.902728858442961,"The meeting will invite people from Peshawar district of Fateh, Khyber Pakhtunkhwa to attend the meeting.",13.467297454904454
د سبزۍ د يخچالونو,Meat Shop Butcher Refrigeration Equipment,Vegetable refrigerators,18.25544550052178,Greenhouse fridges,8.491810245442206,Vegetable refrigerators,18.25544550052178
د 10 تاسي باید د 5 شبکې په اړه پوه شئ,Technologies 10 Tips You Should Know About 5G Network,10 Things You Need to Know About Network 5,36.22477686064659,10 Things You Need to Know About Network 5,36.22477686064659,10 Things You Need to Know About 5 Networks,36.53493220427465
1-16 د د “”روزووډ Rosary”” 173 پايلې,1-16 of 173 results for “”Rosewood Rosary””,1-16 Results of the Rosary of Rosewood 173,39.54903181084597,1-16 Results of Rosary 173 of Rosary,30.91868444890997,1-16 Results of Rosary 173 of Rosary,30.91868444890997
نقل ځله به توپير په کتو سره خپل ځای:,Shipping times will vary depending on your location:,Replication times will vary depending on your location:,83.16884476791792,The replication frequency will vary depending on your location:,70.49728387647468,Replication times will vary depending on your location:,83.16884476791792
کامرون - نګربه قتل عام: سمویل ایتو خپله چوپتیا ماتوي او په اسینوکس کې یې اعتماد کوي,Opinion | Winners and losers of democratic debate - New York Times,Cameroon-Nagreb Massacre: Samuel Eto'o breaks his silence and trusts Asinox,12.70076824518383,Cameroon-Nigeribe massacre: Samuel Eto'o breaks his silence and relies on Asinox,13.608799574394336,Cameroon-Nigeribe Massacre: Samuel Eto'o Breaks His Silence and Confides in Asinox,13.95323497838856
ښونې او روزنې پوهنځی,Faculty of Social science,Teaching and Training Faculty,22.637830895514043,Teaching and Training Faculty,22.637830895514043,Teaching and Training Faculty,22.637830895514043
د پوهنتون څخه بهر علمي مرکزونو سره د معلوماتو تبادله او همکاري.,· Providing education based on knowledge and experiment,Information exchange and cooperation with academic centers outside the university.,18.933725137413372,Information exchange and cooperation with academic centers outside the university.,18.933725137413372,Information exchange and cooperation with academic centers outside the university.,18.933725137413372
254smo uns s31254 en1.4547 بولټونه او مغزونه 1-1 / 2 ”-8unx180mm تار تار راډ,254smo uns s31254 en1.4547 bolts and nuts 1-1/2”-8unx180mm thread rod,254smo uns s31254 en1.4547 bolts and nuts 1-1 / 2 -8unx180mm wire rod,78.4128625624384,254smo uns s31254 en1.4547 bolts and nuts 1-1 / 2 -8unx180mm wire wire rod,77.2544210414248,254smo uns s31254 en1.4547 bolts and nuts 1-1 / 2 -8unx180mm wire wire rod,77.2544210414248
د ډراپ شاپنگ طاق غوره کړئ چې ګټور وي,Choose a dropshipping niche that's profitable,Choose a drop-shopping niche that is profitable,68.09769276504323,Choose a drop-shopping niche that is useful,51.79772699199027,Choose a drop-shopping niche that is useful,51.79772699199027
په ناروې کې ټول ماشومان د لس کلونو د زده کړې د تر لاسه کولو حق او دنده (مکلفیت) لري. همدارنګه ځوانان د ثانوي زده کړې حق لري.,"In Norway, all children have the right and obligation to ten years of schooling. Young people also have the right to upper secondary education.","In Norway, all children have the right to a ten-year education, as well as the right to secondary education.",53.74156672374731,All children in Norway have the right and duty to receive ten years of education. Also young people have the right to secondary education.,60.443097000160385,All children in Norway have the right to ten years of education and the obligation to do so. Youth also have the right to secondary education.,64.28103744803498
په جرمني کې کوم مسلکونه شته؟,How can I find a job in Germany?,What professions are there in Germany?,34.35818273642368,What professions are there in Germany?,34.35818273642368,What professions are there in Germany?,34.35818273642368
16 180 726 9-11 65-75 د وزن روښانه وزن,16 180 726 9-11 65-75 Light Weight fabric,16 180 726 9-11 65-75 light weight,61.04334682055992,16 180 726 9-11 65-75 Light weight,72.96724112283573,16 180 726 9-11 65-75 Light weight,72.96724112283573
ګام 5 مخلید او ړومینګ تليفون څخه ړنګ عکس بیرته,"Step 5 Preview û rêgirtina li photos jêbirin, ji telefonê BlackBerry",Step 5 Retrieve the deleted image from the unlocked and roaming phone,16.289187953775066,Step 5 Retrieve deleted image from deleted and scrolling phone,16.85891231628554,Step 5 Remove deleted image from deleted and scrolling phone,15.61603222034939
په بشپړه توګه وړیا امتیاز او د ځینو هیوادونو لپاره، موږ تاسو تضمین کوو چې توکي مو ترلاسه کړئ.,"admin, admin on The most effective weight loss powder: Sibutramine powder(Meridia)","Completely free of charge and for some countries, we guarantee you get the goods.",10.545994541009174,"Completely free of charge and for some countries, we guarantee you get the goods.",10.545994541009174,"Completely free of charge and for some countries, we guarantee you get the goods.",10.545994541009174
څرخ د شګو مینځلو ماشین بیه,Wheel sand washing machine price,Wheel sand washing machine price,100.0,Wheel sand washing machine price,100.0,Wheel sand washing machine price,100.0
1. په بشپړه توګه flaps (F8) وغځوي.,1. Fully extend flaps (F8).,1. Fully extend the flaps (F8).,85.64622776871617,1. Fully extend flaps (F8).,100.0,1. Fully extend flaps (F8).,100.0
تولید سرعت 3500-7200pieces / ساعت کچول شوی د بریښنا د 2.2kw,Production Speed 3500-7200pieces/hour Rated Power 2.2kw,Production speed 3500-7200pieces / h Passed power of 2.2kw,52.706929503286574,Production speed 3500-7200pieces / h Passed power 2.2kw,56.7580716653345,Production speed 3500-7200pieces / h Passed power 2.2kw,56.7580716653345
تخمونه: ستاسو روغتیا ته ګټې او زیانونه رسوي. نور څه؟ ډایټیټیسټ تشریح کوي,"When people take opiates, their health suffers Nonsteroidal anti-inflammatory Seeds: benefits and harms to your health. What more? Dietitian explains",Seeds: Benefits and Harms to Your Health.,16.675483204683406,Seeds: Benefits and Harms to Your Health. What More? Explains Dietitian,29.16512931226568,Seeds: Benefits and Harms to Your Health. What More? Explains Dietitian,29.16512931226568
Wondershare LiveBoot کمپيوټر چالان CD په اړه نور معلومات,Each solution takes you only 2 steps. It's quite easy.,Learn more about Wondershare LiveBoot computer driven CD,7.945308291052054,More info on Wondershare LiveBoot Computer Drive CD,6.442891836704666,Learn more about Wondershare LiveBoot Computer Drive CD,7.706170236879339
د هېواد په شمال کې د جنبش ملي او جمیعت اسلامي ګوندونو ترمنځ نښتې,"For Australia in Afghanistan, victory was never an optionTony",Protests between nationalist and communist Islamist parties in the north of the country,16.823837533507067,Protests between Nationalist and Jamaat Islamist parties in northern Afghanistan,25.44412844835992,Protests between the Nationalist and Jamaat Islamist parties in the north of the country,16.12332585218177
دهرات ولايت دکډوالو او راستنېدونکوچارو رياست - دګډوالو او راستنیدونکو چارو وزارت,Directorate fo Refugees and Repatriations of Herat Province - Ministry of Refugees and Repatriations,State Department of Refugee and Returned Persons - Ministry of Refugee and Returned Persons,36.775754652263544,Department of Refugee and Refugee Affairs - Ministry of Refugee and Refugee Affairs,34.68322601092868,Directorate of Refugee and Refugee Affairs - Ministry of Refugee and Refugee Affairs,41.219922118780985
یوتلست 10A 10.0 ° E,SR: 27500 ksymb / S,Utilised 10A 10.0 ° E,2.4350649350649354,Utilised 10A 10.0 ° E,2.4350649350649354,Utilised 10A 10.0 ° E,2.4350649350649354
د موبايل په مخروط اوريزو نبات,Mobile Cone Crushing Plant,Cell phone cone orange plant,13.84796169268519,A mobile cone orange plant,20.1222521560504,Mobile conical orange plant,25.9179456672697
يو بنسټيز PL / کيو ايل snippet (نومه د بنديز) او يا هم په يو شمېر مرمۍ وسیله په يو وخت په دار وځړول (د ساري په کيو ايل * Plus) يا,A PL / SQL malika bingehîn (block neqeydkirî) yan jî di cih de li hin tool shell Bakûr (raxîne. SQL * Plus) an,A basic PL/QL snippet (known as blocking) or hanging on a number of keystrokes at a time (known as SQL*Plus) or,18.439840578943354,A basic PL/QL snippet (name blocking) or hanging on a number of repair tools at a time (serial in QL*Plus) or,19.51949124096268,A basic PL/QL snippet (name of block) or hanging on a number of repair tools at a time (the entire QL*Plus) or,19.39711758325651
د بحث سره یوځای غواړئ؟,Want to join the discussion?,Would you like to join the discussion?,76.23841696708566,Would you like to join the discussion?,76.23841696708566,Want to join the discussion?,100.0
سندونه ISO9001 ، CE ، SGS ، API,"Certifications ISO9001,CE, SGS, API","Certificates such as ISO9001, CE, SGS, API",73.29685137390001,"Certificates ISO9001, CE, SGS, API",76.58686369172459,"Certificates ISO9001, CE, SGS, API",76.58686369172459
Curator of Emirates Soil Museum Full-time أبريل ۲۳ ۲۰۱۸ يونيو ۱۸ ۲۰۱۸ ICBACSD-SMC-2018-003,Business Development Specialist Full-time Jan 31 2018 Mar 18 2018 ICBAPKM-BDS-2018-001,Curator of Emirates Soil Museum Full-time 23 April 2018 18 June 2018 ICBACSD-SMC-2018-003,29.346395890356764,"Curator of Emirates Soil Museum Full-time April 23, 2018 June 18, 2018 ICBACSD-SMC-2018-003",29.094870750449452,"Curator of Emirates Soil Museum Full-time April 23, 2018 June 18, 2018 ICBACSD-SMC-2018-003",29.094870750449452
تبدیل ماشوم د موټر څوکۍ,Baby Car Booster Seat,Converted baby car seat,16.06404012886424,Changing Child Car Seat,21.545044222135527,Change baby car seat,13.02724872390954
د خراب کولیسټرول په کچه کې زیاتوالى، له دې امله، د سټروک یا د زړه حملې خطرونو تمرکز کوي,"An increase in the level of bad cholesterol, hence, spiking up the risks of strokes or heart attacks","Increased levels of bad cholesterol, therefore, focus on the risk of stroke or heart attack",51.29464477721939,"Increased levels of bad cholesterol, therefore, focus on the risk of stroke or heart attack",51.29464477721939,"Increased levels of bad cholesterol, therefore, focus on the risk of stroke or heart attack",51.29464477721939
۴۵۰ افغان زده کونکي په ټولو تحصیلي پړاؤنو کښې په ایران کښې ښوونځي ته ځي,Over 3.5 million Afghan Children Missing right to Education: Save the Children,450 Afghan students go to school in Iran in all academic stages,14.203622318715622,450 Afghan students go to school in Iran in all academic stages,14.203622318715622,450 Afghan students go to school in Iran in all academic stages,14.203622318715622
7.5M د صفا جوړولو، پن ډول ډول - Buildinglift.com جوړولو لپاره 800 کلوګرام معطل شوي پلیټینټونه جوړ کړي,"7.5M customized 800 Kg suspended platforms for building cleaning , pin - type - Buildinglift.com","7.5M builds 800 kg of suspended platforms for the construction of shaft, pin type - Buildinglift.com",55.31878281721192,"7.5M builds 800kg suspended platforms for the construction of shaft, pin type - Buildinglift.com",55.81623315832914,"7.5M built 800 kg suspended platforms for construction of shaft, pin type - Buildinglift.com",56.153245364489266
د BMW X5 نوې جبهه چپ ځنډولو برخه هوا S ...,FOR BMW X5 NEW FRONT LEFT SUSPENSION PART AIR S...,New front left suspension part of BMW X5 Air S...,15.557003685392418,BMW X5 new front left suspension part air s...,11.44065495578377,BMW X5 New Front Left Suspension Part Air S...,18.69006872336774
Rikoooo.com يوه فرانسوي وېب پاڼه وقف کمپيوټر فرضی (د ولايتي شورا)، په عمده توګه د Microsoft سافټ «دالوتني سیمیولیټر» او Lockheed Martin «Prepar3D» تمرکز، سره اړه Laminar د څیړنې «X-الوتکه» د ځینو عناصرو ده.,"Rikoooo.com is a French Website devoted to computer simulation (on PC), mainly focused on the Microsoft software «Flight Simulator» and Lockheed Martin «Prepar3D», with some elements concerning Laminar Research «X-Plane».","Rikoooo.com is a French website dedicated to computer simulations (State Council), mainly focusing on Microsoft's current simulator and Lockheed Martin's Prepar3D, with some elements of Laminar's research on the X-plane.",58.67231987879632,"Rikoooo.com is a French website dedicated to computer simulator (s), mainly focusing on Microsoft Software Flight Simulator and Lockheed Martin Prepar3D, with some elements of research about Laminar X-Plane.",61.7041508205191,"Rikoooo.com is a French website dedicated to computer simulator (PDF), mainly focused on Microsoft Software Flight Simulator and Lockheed Martin Prepar3D, with some elements of research on Laminar X-Plane.",64.26995436011343
