sample_id,source,reference,baseline_nllb_prediction,baseline_nllb_sentence_bleu,baseline_nllb_sentence_chrf,baseline_nllb_sentence_ter,baseline_nllb_comet,original_lora_prediction,original_lora_sentence_bleu,original_lora_sentence_chrf,original_lora_sentence_ter,original_lora_comet,semantic_lora_prediction,semantic_lora_sentence_bleu,semantic_lora_sentence_chrf,semantic_lora_sentence_ter,semantic_lora_comet
1,105 زیرمې بک په PocketFruity بک امتیازات نه,"Ang 'Lucky New Year' ay LIVE sa Black Diamond, Spartan Slots at Box 24!",105 deposit book on PocketFruity book no bonuses,0.0,5.5030508499034765,100.0,0.4546993374824524,105 No Deposit Book Prizes at PocketFruity Book,2.0315766105349127,7.959966148882473,92.85714285714286,0.4701317846775055,105 No Deposit Book Prizes at PocketFruity Book,2.0315766105349127,7.959966148882473,92.85714285714286,0.4701317846775055
2,.: پاييز 1392، جلد 9، شماره 3,.: Year 12، No. 2,": p. 1392, volume 9, number 3",4.990049701936832,9.142650569996972,140.0,0.7927777767181396,": Page 1392, Volume 9, No. 3",9.287528999566801,16.3981701197821,120.0,0.8273705244064331,": Pieces 1392, Volume 9, No. 3",9.287528999566801,15.34723862847156,120.0,0.7508584856987
3,سامسونګ له خپلو نويو موبایلونو پرده پورته کړه,Abdullah says won't join election ticket of any presidential...,Samsung unveiled its new phones,0.0,6.599891295908067,100.0,0.444519579410553,Samsung has unveiled its new phones,0.0,6.770430259379559,100.0,0.43699711561203003,Samsung has unveiled its new phones,0.0,6.770430259379559,100.0,0.43699711561203003
4,د ویب پاڼې ازموینه، د سیسټم څخه چې په شیکاګو کې موقعیت لري، TTFB: 486ms.,"Webpage Test, from server located at Chicago, TTFB: 486ms.","Website test, from a system based in Chicago, TTFB: 486ms.",39.34995962231127,53.0265556381614,55.55555555555556,0.8772807717323303,"Website test, from a system located in Chicago, TTFB: 486ms.",40.52587697205425,58.86654356486144,44.44444444444444,0.8886892795562744,"Website test, from a system located in Chicago, TTFB: 486ms.",40.52587697205425,58.86654356486144,44.44444444444444,0.8886892795562744
5,ذخيره شما: $2.40 (60%),Bazic #2B Premium Wood Pencil - 12/Pack,Savings: $2.40 (60%),0.0,1.666666666666667,100.0,0.3787229061126709,Your savings: $2.40 (60%),0.0,2.8409090909090904,100.0,0.3878101110458374,Savings: $2.40 (60%),0.0,1.666666666666667,100.0,0.3787229061126709
6,تناوب ظرفیت: 20 ټنه اعظمي,Rotation capacity 20 tons maximum,Turning capacity: 20 tonnes maximum,10.682175159905853,44.95343908196291,60.0,0.9006810188293457,Turning capacity: 20 tonnes maximum,10.682175159905853,44.95343908196291,60.0,0.9006810188293457,Turning capacity: 20 tonnes maximum,10.682175159905853,44.95343908196291,60.0,0.9006810188293457
7,PE کاربن Spiral پیاوړی نل تولید,Plastic Pipe Production Line,PE Carbon Spiral Strengthened Pipe Production,16.233395773754953,46.60160538144096,125.0,0.5902977585792542,PE Carbon Spiral Strengthened Pipe Production,16.233395773754953,46.60160538144096,125.0,0.5902977585792542,PE Carbon Spiral Strengthened Pipe Production,16.233395773754953,46.60160538144096,125.0,0.5902977585792542
8,4 Min BGA او مايکرو BGA جګوالی او توپ حساب 0،008 په. (0.2mm) جګوالی، توپ حساب د 1000 څخه زیات,"4 Min BGA and Micro BGA pitch and ball counts 0.008 in. (0.2mm) pitch, ball count greater than 1000","4 Min BGA and Micro BGA accuracy and ball count 0.008 in. (0.2mm) accuracy, ball count greater than 1000",63.502888723739986,76.52942782965951,15.789473684210526,0.7749176621437073,"4 Min BGA and Micro BGA torque and ball account 0.008 in. (0.2mm) torque, ball account more than 1000",47.94731828346274,61.521251298078795,26.31578947368421,0.7455501556396484,"4 Min BGA and Micro BGA ball and ball account 0.008 in. (0.2mm) ball, ball account more than 1000",47.94731828346274,61.199334271769224,26.31578947368421,0.7443248629570007
9,نړیواله ډله: د اسلامی هیوادونو د غونډو ترمنځه اتحادیه ۱۱ کانفرانس په د بهمن میاشته څلورم نېټې باندې د اسلامی شورا غونډې مشر په شتون سره بغداد کې شروع شو.,TEHRAN (IQNA) – The United Arab Emirates’ Ministry of Culture and Knowledge Development plans to launch the ninth session of the Ramadan Forum for Quran calligraphy at Dubai Festival City on Sunday.,International Group: The 11th Conference between the Assemblies of Islamic Countries kicked off in Baghdad on the fourth day of the meeting of the Islamic Council in Baghdad.,2.8748112623273374,16.711583764867836,87.5,0.5598687529563904,International Group: The 11th Conference between the Assemblies of Islamic Countries was inaugurated in Baghdad on the 4th day of the month of Bahman in the presence of the head of the meeting of the Islamic Council.,2.5802625919834825,18.249053005095373,103.125,0.5856432914733887,International Group: The 11th Conference between the Assemblies of Islamic Countries was inaugurated in Baghdad on the 4th day of the meeting of the Islamic Council in the presence of the President of the Assembly.,2.725770058666702,17.98110876102893,96.875,0.5725581049919128
10,د هند حیدرآباد جومات په کلینیک کښې د بېلابېلو دینونو منونکو نه ښه راغلاست,Young Australian Arbaeen Pilgrim Talks about How Everyone Is Attracted to Imam Hussein (AS),Hyderabad mosque in India welcomes people of different faiths to the clinic,2.426532257432171,10.37204403483536,92.85714285714286,0.627842903137207,"In India, the Hyderabad mosque welcomes people of different faiths to the clinic.",2.458476536482737,10.207268241390787,92.85714285714286,0.631117045879364,Welcome Muslims of Diverse Religions to Hyderabad Mosque in India,2.302876686963141,11.298054674464126,100.0,0.6194818019866943
11,4 متره لاس ترس,Big Aluminum Stage TSA-4,4 meters,0.0,2.747252747252747,100.0,0.5117993354797363,4 meters hand thrust,0.0,4.3316831683168315,100.0,0.42643028497695923,4 meters hand thrust,0.0,4.3316831683168315,100.0,0.42643028497695923
12,HGH کلینیک تایلنډ - په بنکاک کې د درملتون څخه د انتقال جینتروپین,HGH Kit Thailand - kit of Genotropin pens from Pfizer in Bangkok,HGH Clinic Thailand - transfer genotropin from a pharmacy in Bangkok,10.71174444166974,43.687739542441705,50.0,0.7967724800109863,HGH Clinic Thailand - Transfer Genotropin from pharmacy in Bangkok,11.17616954959852,46.332958126177935,41.66666666666667,0.8003155589103699,HGH Clinic Thailand - Transfer Genotropin from pharmacy in Bangkok,11.17616954959852,46.332958126177935,41.66666666666667,0.8003155589103699
13,ټول د نیپون هوايي شرکت (3 liveries),All Nippon Airways (3 liveries),All Nippon Airlines (3 liveries),48.892302243490086,76.29871397225368,20.0,0.9227162003517151,All Nippon Airlines (3 liveries),48.892302243490086,76.29871397225368,20.0,0.9227162003517151,All Nippon Airlines (3 liveries),48.892302243490086,76.29871397225368,20.0,0.9227162003517151
14,د مرستیال ژوند لیک د راجستر شویو سیاسی حزبونو لیست,Deputy Minister in Social Affairs - ‌Biography,List of registered political parties,0.0,11.583516304171463,100.0,0.5057997107505798,List of registered political parties List of registered political parties,0.0,10.741287774493042,142.85714285714286,0.4237716495990753,List of registered political parties,0.0,11.583516304171463,100.0,0.5057997107505798
15,د کیسې کیسه کولو تخنیک #7. د لوستونکي کیسه شریک کړئ ...,Storytelling technique #7. Share a reader's story…,Storytelling technique #7. Share the reader's story...,43.36189090348677,81.55829841441037,28.57142857142857,0.9458532333374023,Storytelling technique #7. Share the reader's story...,43.36189090348677,81.55829841441037,28.57142857142857,0.9458532333374023,Story-telling technique #7. Share the reader's story...,33.18077402843942,73.44742282462498,42.857142857142854,0.9419507384300232
16,نیلي پرده کې تېروتنه,Lahenda väljastamine Arvuti +,Blue screen error,0.0,4.773043866796331,100.0,0.42610228061676025,Error in blue screen,0.0,5.726394793958494,100.0,0.45737794041633606,Error in blue screen,0.0,5.726394793958494,100.0,0.45737794041633606
17,PEX پایپ extrusion ماشین,Pvc Pipe Extruder Machine,PEX pipe extrusion machine,0.0,23.941498762909937,50.0,0.7769885659217834,PEX pipe extrusion machine,0.0,23.941498762909937,50.0,0.7769885659217834,PEX pipe extrusion machine,0.0,23.941498762909937,50.0,0.7769885659217834
18,© کوه رون ته ځي. کوه رونګ ټاپو، کرون پریه سیانکوک، کمبوډیا,"How to Get to Koh Rong (From Sihanoukville, Phnom Penh & More)","© Going to Koh Rong Island, Crown Properties Sihanouk, Cambodia",10.549630947587664,28.420836754018925,75.0,0.6409117579460144,"© Go to Koh Rong Island, Crown Pride Sihanouk, Cambodia",10.549630947587664,28.385361960035237,75.0,0.6113348603248596,"© Go to Koh Rong. Koh Rong Island, Crown Prairie Sihanouk, Cambodia",10.511846841633776,27.96733358221425,83.33333333333334,0.6339470744132996
19,ټیزس ریلی جان 13، 2020 0,They may also have credit card or personal debt.”,"Thesis Relay January 13, 2020 0",0.0,6.632838510092117,100.0,0.33114373683929443,"Thesis Relay January 13, 2020 0",0.0,6.632838510092117,100.0,0.33114373683929443,"Thesis Relay January 13, 2020 0",0.0,6.632838510092117,100.0,0.33114373683929443
20,ښه والی د معلوماتو په زیرمه زيانمن ټولو ډول دوتنې وځلیږي لکه د جدولونو، چارتونه، فورمولونه، تبصرې، انځورونه او داسې نور.,There are two modes of the program i.e. Wizard mode and the Standard mode which makes the program equally usable for all the users and therefore it is highly recommended.,"Improvement reduces the loss of data in all types of files such as tables, charts, formulas, comments, images, etc.",1.4861017618021028,14.75976534165595,96.66666666666667,0.5273653864860535,"Improvement in the database will eliminate all types of files such as tables, charts, formulas, comments, images and so on.",1.5713612974779376,16.15035435762119,93.33333333333333,0.5483166575431824,"Improvement in the database will eliminate all types of files such as tables, charts, formulas, comments, images, etc.",1.4667925885815658,15.057847788814588,96.66666666666667,0.5265643000602722
21,له کوره د کرزي د تېښتې اوازه هم خپره شوې ده او ویل کېږي، چې له کوره وتلی دی او معلومه نه ده، چې چېرته تښتېدلی دی؟,"We try to reduce violence against women in Bamyan, Karima Salek says",The story of Karzai's escape from home has also been published and it is said that he left home and it is not known where he fled.,0.0,13.058868117932976,225.0,0.49000293016433716,He said that he has left the house and it is not known where he fled.,0.0,9.340515366616822,133.33333333333331,0.4907945990562439,He said that he left the house and it is not known where he fled.,0.0,9.217291603217541,125.0,0.4821923077106476
22,د څپې د پسرلي فشار محاسبه,Calculation Of Wave Spring Pressure,Calculation of spring wave pressure,10.682175159905848,45.501130569261825,20.0,0.8860844373703003,Calculation of wavelength spring pressure,10.682175159905848,43.80681947455765,20.0,0.8286901116371155,Calculation of wavelength spring pressure,10.682175159905848,43.80681947455765,20.0,0.8286901116371155
23,دڅیړنوپایلې اوپه هیوادکې دسرطان ناروغۍ:,Mr Tanha is awarded the first research poster prize.,Research findings and cancer in the country:,4.300847718252331,17.513459778714527,100.0,0.5633628964424133,The results of the study and cancer in the country:,3.7477767366779213,12.211625137477963,111.11111111111111,0.5634211897850037,Research findings and cancer in the country:,4.300847718252331,17.513459778714527,100.0,0.5633628964424133
24,د FileCatalyst او کارینګ انډول پیژندنه,Understanding the FileCatalyst and Caringo Integration,Identification of FileCatalyst and operating modules,16.233395773754953,37.657645998143686,66.66666666666666,0.7580302953720093,FileCatalyst and Carrying module recognition,17.491650626361256,39.823566065242,83.33333333333334,0.6921902298927307,Identification of FileCatalyst and Working Module,16.233395773754953,35.9464533107858,66.66666666666666,0.7396587133407593
25,2.If د محصول اندازه دي لویو، موږ به تاسو ته يو څه تخفيف ورکړي.,"2.If the product quantities are larger, we will give you a discount.","2.If the product size is larger, we will give you some discount.",56.81096832337496,68.04075352302162,25.0,0.8986073136329651,"2.If the product size is larger, we will give you some discount.",56.81096832337496,68.04075352302162,25.0,0.8986073136329651,"2.If the product size are larger, we will give you some discount.",64.1386525898168,73.43917033613477,16.666666666666664,0.890911877155304
26,Wood غاړکۍ Rosaries Wood غاړکۍ Rosaries,Wood Necklace Rosaries Wood Necklace Rosaries,Wood ribs Rosaries Wood ribs Rosaries,19.304869754804482,45.31263043455919,33.33333333333333,0.5712952613830566,Wood Brace Rosaries Wood Brace Rosaries,19.304869754804482,57.33332608651456,33.33333333333333,0.8327088356018066,Wood Brace Rosaries Wood Brace Rosaries,19.304869754804482,57.33332608651456,33.33333333333333,0.8327088356018066
27,بریښنالیک کیدی شي ډیر وخت وي، خو چوپړ وي!,"Email can be a huge time-suck, but it doesn’t have to be!","E-mail can be time consuming, but time consuming!",8.412054473847528,29.692088644369885,75.0,0.6548357605934143,"Email can be time consuming, but it can be boring!",19.284170861795207,38.16683559861861,58.333333333333336,0.7740889191627502,"Email can be time consuming, but it can be boring!",19.284170861795207,38.16683559861861,58.333333333333336,0.7740889191627502
28,د وزير اعلیٰ سندهـ بيان په ضد به اېم کیو اېم,Air Chief Marshal Sohail Aman,High-Secretary Sanda's statement against MQM,0.0,8.085373955960517,100.0,0.45758548378944397,"In the meantime, we will be discussing the future of the country and the future of Afghanistan.",0.0,8.769417584225687,340.0,0.39114007353782654,"In addition, the Ministry of Foreign Affairs and the Ministry of Foreign Affairs of the Republic of Kazakhstan has issued a statement against the MQM.",0.0,7.498403250574151,500.0,0.3678058683872223
29,د نوي کوریا سبک لوله پلیکا، د زړه قلف ...,Stainless Steel Jewelry New Design Pink Bow Bow...,"New Korean style plaka, heart lock ...",15.187207110382285,11.758829940511575,100.0,0.5431462526321411,"New Korean style type plaka, heart lock ...",14.991106946711685,11.824479729403498,100.0,0.5208469033241272,"New Korean style type plaka, heart lock ...",14.991106946711685,11.824479729403498,100.0,0.5208469033241272
30,ب لوی بکس او يا نورو ځانګړو بستې پر غوښتنې امکان هم شته.,B. Big Bag or other special packages are possible on request.,Large boxes or other special cases are also available on request.,20.27188766080585,50.57421868114494,54.54545454545454,0.8247026205062866,There is also the possibility of large boxes or other special cases on request.,16.451929399933114,47.38854958678614,100.0,0.8033627867698669,There is also the possibility of large boxes or other special items on request.,16.451929399933114,46.92556610667742,100.0,0.8086053729057312
31,فارسی - Resources available in Persian | QCOSS Community Door Skip to main content,د شرکت جوړېدنه | QCOSS Community Door Skip to main content,Persian - Resources available in Persian QCOSS Community Door Skip to main content,47.037095938668955,63.81219226292875,54.54545454545454,0.5521511435508728,QCOSS Community Door Skip to main content,56.47181220077595,73.55686739717532,36.36363636363637,0.6365882158279419,QCOSS Community Door Skip to main content,56.47181220077595,73.55686739717532,36.36363636363637,0.6365882158279419
32,felis Sed Nullam efficitur. dapibus felis Curabitur consequat. accumsan adipiscing ipsum اصلي محتوا ته لاړشی,felis Sed Nullam efficitur. dapibus felis Curabitur consequat. accumsan adipiscing ipsum Skip to main content,felis Sed Nullam efficitur. dapibus felis Curabitur consequat. accumsan adipiscing ipsum go to the original content,72.05815373945792,85.347416744819,20.0,0.9697645902633667,felis Sed Nullam efficitur. dapibus felis Curabitur consequat. accumsan adipiscing ipsum go to original content,76.73071548877977,86.01324995563104,13.333333333333334,0.9750977754592896,felis Sed Nullam efficitur. dapibus felis Curabitur consequat. accumsan adipiscing ipsum go to original content,76.73071548877977,86.01324995563104,13.333333333333334,0.9750977754592896
33,په مادي توګه د فرعي لیستونو جوړولو لپاره برخه.,Segment manually to create sub-lists.,Physically part to form sub-lists.,17.965205598154213,34.47245798270298,60.0,0.6545711159706116,Physically part to create sub-lists.,50.81327481546149,58.781656569230215,40.0,0.724397599697113,Physically part to create sub-lists.,50.81327481546149,58.781656569230215,40.0,0.724397599697113
34,نام :hebat ساعت : 10:14:52 AM تاریخ: 10 دي 1390,Name: Time : 7:21:37 AM Date : 6/2/2009,Name: hebat time: 10:14:52 AM Date: 10 is 1390,12.09431425432932,35.7797722796399,87.5,0.7158517241477966,Name :hebat Hour : 10:14:52 AM Date: 10 are 1390,12.09431425432932,32.50997566115761,100.0,0.7463826537132263,Name :hebat time : 10:14:52 AM Date: 10 are 1390,12.09431425432932,35.62390798402807,87.5,0.7303896546363831
35,د ټولنیزې سولې بهیر د ښځو په مشري د ولایتي کميټو له لارې پلی کیږي,2. promoting mutual respect between men and women.,The social peace process is carried out through provincial committees led by women,3.0890553181566975,15.568644920766536,162.5,0.6572889685630798,The social peace process is implemented through provincial committees led by women,3.3864985683445354,16.331899146056266,150.0,0.6709768176078796,The social peace process is implemented through provincial committees led by women,3.3864985683445354,16.331899146056266,150.0,0.6709768176078796
36,په افغانستان کې لوموړنی اسلامي بانک پرانستل شو,Afghan minerals in the crosshairs of Blackwater's Erik Prince,First Islamic Bank opened in Afghanistan,4.923026124015933,14.879392711176099,100.0,0.5944655537605286,The first Islamic bank opened in Afghanistan,4.935157841536379,15.43742340671872,88.88888888888889,0.6531640887260437,First Islamic Bank opened in Afghanistan,4.923026124015933,14.879392711176099,100.0,0.5944655537605286
37,یوتلست 3B 3 ° E,Forum WeTeK Play on 4PDA,Utilised 3B 3° E,0.0,1.3440860215053763,100.0,0.483849436044693,Utopia 3B 3° E,0.0,1.3736263736263739,100.0,0.4505055844783783,Utilised 3B 3° E,0.0,1.3440860215053763,100.0,0.483849436044693
38,", د جمهوريت د تانزانيا ته","Tanzania, United Republic of 1",", the Republic of Tanzania",20.80119537801062,55.0544584196943,60.0,0.795145571231842,", the Republic of Tanzania",20.80119537801062,55.0544584196943,60.0,0.795145571231842,", the Republic of Tanzania",20.80119537801062,55.0544584196943,60.0,0.795145571231842
39,USA-Casino-Online.com > د XXUMX وړیا ندی ډیری زیرمه کیونس د Play150Win Casino کې,USA-Casino-Online.com > Giochi Online Gratuiti > 3 Reel Slot 3 Reel Slot,USA-Casino-Online.com > 150 Free No Deposit Deposit at the Play150Win Casino,17.906727377614367,33.08390406216145,83.33333333333334,0.647077202796936,USA-Casino-Online.com > 150 Free No Deposit Bonus at Play150Win Casino,17.945943107741744,32.625629654627986,83.33333333333334,0.6915791034698486,USA-Casino-Online.com > 150 Free No Most Deposit Bonus at Play150Win Casino,17.906727377614367,32.37191593999498,83.33333333333334,0.6425624489784241
40,15 لیترونه د دوړو دوړو ثبوت تحلیل کونکی,15 Liters Double Dust Proof Dispersion Kneader,15 liters of dust dust proof analyzer,6.567274736060395,16.853251161982445,57.14285714285714,0.6031116843223572,15 liters dust dust proof analyzer,6.870636427700047,16.729736454346746,42.857142857142854,0.6332611441612244,15 liters dust dust proof analyzer,6.870636427700047,16.729736454346746,42.857142857142854,0.6332611441612244
41,پروژه کلينيک سعادت آباد,Supply luminaires of Sabzevaar governorship project,Project Clinic Saadabad,0.0,10.984077336268008,100.0,0.5193378925323486,Project Clinic Saadatabad,0.0,10.87430832351312,100.0,0.5530542731285095,Project Clinic Saadatabad,0.0,10.87430832351312,100.0,0.5530542731285095
42,**** (قانون جزای افغانستان ، ۱۳۵۵) .,America’s public reaction has been as remarkable as the disclosure…for the reaction has been no reaction.,"**** (Afghan Penal Code, 1355).",2.2325174503683516,3.582909583912218,100.0,0.33037659525871277,"**** (Afghan Penal Code, 1355).",2.2325174503683516,3.582909583912218,100.0,0.33037662506103516,"**** (Afghan Penal Code, 1355).",2.2325174503683516,3.582909583912218,100.0,0.33037659525871277
43,د کورس نوم: SCJA OCP جاوا SE 7 Programmer د روزنې او تصدیق کورس,Course name: CompTIA Security+ Certification Training,Course name: SCJA OCP Java SE 7 Programmer Training and Certification Course,13.065113298388567,49.91495558500398,150.0,0.8303967118263245,Course Name: SCJA OCP Java SE 7 Programmer Training and Certification Course,4.368583925857938,40.41869389080779,150.0,0.8044741153717041,Course Name: SCJA OCP Java SE 7 Programmer Training and Certification Course,4.368583925857938,40.41869389080779,150.0,0.8044741153717041
44,د خصوصی حریم د ساتنی پالیسی د وروستی ځل لپاره د 2010 کال د مارچ په 2 بیا وکتل شوه.,This Privacy Policy was last updated on 2 March 2010.,The Privacy Protection Policy was last revised on 2 March 2010.,43.66835442847811,68.4428646786931,30.0,0.933068573474884,The Privacy Protection Policy was last revised on 2 March 2010.,43.66835442847811,68.4428646786931,30.0,0.933068573474884,The Privacy Protection Policy was last revised on 2 March 2010.,43.66835442847811,68.4428646786931,30.0,0.933068573474884
45,لاس اګاس ، سان جوآن دی لا رمبلا ، ټینریف,"Las Aguas, San Juan de la Rambla , Tenerife","Las Agas, San Juan de la Rambala, and Tenerife",39.45881255591768,70.17552040838233,33.33333333333333,0.7128725647926331,"Las Agas, San Juan de la Rambla, Tenerife",78.25422900366438,88.07995142093854,33.33333333333333,0.8756166696548462,"Las Agas, San Juan de la Rambla, Tenerife",78.25422900366438,88.07995142093854,33.33333333333333,0.8756166696548462
46,"سیټریک اسید - 1,7 ګرام","Citric Acid - 1,7 Gram","Citric acid - 1,7 grams",23.643540225079384,51.7819584052704,20.0,0.9543980360031128,"Citric acid - 1,7 grams",23.643540225079384,51.7819584052704,20.0,0.9543980360031128,"Citric acid - 1,7 grams",23.643540225079384,51.7819584052704,20.0,0.9543980360031128
47,یادونه: دا تفصیلات یواځې حواله ده، هر ډول بدلون د بال مل د تولید محصولات دي.,"Note:This specification is just reference,any changes are subject to the ball mill products.","Note: These details are for reference only, any changes are the product of the ball mill manufacture.",20.313747122261766,44.67800797851875,92.3076923076923,0.8816216588020325,"Note: These details are for reference only, any changes to the ball mill are manufactured products.",23.275118953744553,49.33755027397138,84.61538461538461,0.8432729244232178,"Note: These details are for reference only, any changes are ball mill manufacturing products.",20.672818841772642,45.258736769346946,76.92307692307693,0.87492436170578
48,د نشتوالي توجیه لپاره د بریښناليک ټلیفوني نومبر نومبر 25th، 2018,"Email template to justify an absence November 25th, 2018","E-mail phone call to justify the absence November 25th, 2018",40.35278637463991,65.73150492520035,44.44444444444444,0.7661018371582031,"E-mail telephone for justification of absence November 25th, 2018",39.281465090051306,59.07828461091157,55.55555555555556,0.7404125928878784,"Email phone call for justification of absence November 25th, 2018",36.72056269893591,58.61894193467324,55.55555555555556,0.7920522093772888
49,پاكسان در نمايشگاه بين المللي مواد شوينده و بهداشتي,Paxan cares about family health,Paxsan International Exhibition on Materials and Sanitation,0.0,10.56951720555694,140.0,0.526624858379364,"In the meantime, we are going to have to look at some of the issues that have been discussed in the past.",0.0,10.170427929574478,440.00000000000006,0.4458472430706024,Pakshan at the International Exhibition of Materials and Sanitation,0.0,10.922777137202505,180.0,0.5111832022666931
50,اعظمي ریسایکل کول ، د پیسو مینځلو ماشینونه.,"Maximum Recycling,Money Making Machines.","Maximum recycling, money laundering machines.",8.643019616048525,45.0281183522954,75.0,0.7376095652580261,"Maximum recycling, money laundering machines.",8.643019616048525,45.0281183522954,75.0,0.7376095652580261,"Maximum recycling, money laundering machines.",8.643019616048525,45.0281183522954,75.0,0.7376095652580261
51,لوبه: د لاری او میدانی زخاسته- د سخو 100 متره,"Discipline: Track & Field, Men's 100m Sprint",Match: 100 metres of track and field,4.8734989388136185,15.115813728226884,100.0,0.648343563079834,Game: Track and field decorated- 100 meters of snow,8.392229812593097,22.401418239454713,114.28571428571428,0.48139771819114685,Game: Track and field decorated- 100 meters of snow,8.392229812593097,22.401418239454713,114.28571428571428,0.48139771819114685
52,د سرور اداره کولو لپاره د سرور کنټرول پینل (Plesk)، د ویډیو انسټالټ، ویب پاڼې سایټ، د کاروونکو کنترول، او ډاټابیسیز مدیریت.,"Server Control Panel (Plesk) for server management, WordPress installation, webmail setup, users control, and databases management.","Server control panel (Plesk) for managing the server, video installation, website site, user control, and database management.",18.747025716022478,57.55600842844074,50.0,0.8852556943893433,"Server control panel (Plesk) for server management, video installation, website site, user control, and database management.",36.66340989897011,66.16045200755767,31.25,0.885671854019165,"Server control panel (Plesk) for server management, video installation, website site, user control, and database management.",36.66340989897011,66.16045200755767,31.25,0.885671854019165
53,سياست‌هاي پولي، اعتباري و نظارتي نظام بانکي کشور، مصوب يکهزار و يکصد و سي و چهارمين جلسه شوراي محترم پول و اعتبار مورخ 20/10/1390,"The main objectives of macroeconomic policies, in general, and monetary policies, in particular, are price stability, economic growth and a favorable employment level.... more","Monetary policy, credit and supervisory system Banking Country, approved 1 0134th session of the Council",1.261900774693035,15.181533004235249,95.83333333333334,0.4560839533805847,"Political, Monetary and Supervisory System Banking Country, Resolution One Thousand One Hundred One Hundred Fourth Session Council Honorable Paul and Accreditation dated 20/10/1390",1.585236384822604,17.073789549622006,100.0,0.3310578465461731,"Political, monetary and supervisory system Banking Country, Resolution One Thousand One Hundred One Hundred Fourth Session Council Honorable Paul and Accreditation dated 20/10/1390",1.6761833990718291,18.005278641534968,100.0,0.341141015291214
54,"د خپرېدو نېټه: Sep 06, 2011","Publish Date: Nov 26, 2011","Release date: Sep 06, 2011",14.535768424205482,27.526324724467138,60.0,0.914714515209198,"Published on: Sep 06, 2011",14.535768424205482,38.987372062062455,80.0,0.8906168341636658,"Release date: Sep 06, 2011",14.535768424205482,27.526324724467138,60.0,0.914714515209198
55,ATHENA مشرتابه د عالي Bay,New LED High Bay With Graphene Housing,Athena's leadership of the Great Bay,6.870636427700047,12.19130466566098,100.0,0.486784964799881,ATHENA Leadership of the Great Bay,6.870636427700047,12.28181711436756,100.0,0.5075237154960632,Athena Leadership of the Great Bay,6.870636427700047,12.720079613421381,100.0,0.5206428170204163
56,په انباؤن کې بازار موندنه یو غیر فعاله ستراتیژي ده چې تاسو ته تمه لري.,Inbound marketing is any passive strategy that attracts prospects to you.,Inbound marketing is a passive strategy that awaits you.,24.437032551865375,61.74158625795493,36.36363636363637,0.7598406672477722,Inbound marketing is a passive strategy that is expected of you.,24.08856270485351,60.69106765662979,36.36363636363637,0.8033763766288757,Inbound marketing is a passive strategy that awaits you.,24.437032551865375,61.74158625795493,36.36363636363637,0.7598406672477722
57,تلپاتې لرګيو کمپرسور د لېږد یو,Durable Wood Chips Screw Conveyor,Permanent wood compressor is a transport,0.0,10.03402510578373,100.0,0.5185961127281189,Permanent wood compressor a transfer,0.0,9.817273226247645,80.0,0.5189483165740967,Permanent wood compressor a transfer,0.0,9.817273226247645,80.0,0.5189483165740967
58,د ویګاس - 400٪ بکسونه د جولای په 19، 2018,"Slots Of Vegas - 400% Bonus An t-Iuchar 19, 2018","Vegas - 400% boxes as of July 19, 2018",30.983802298041674,41.570500364143314,50.0,0.6087098121643066,"Vegas - 400% boxes on July 19, 2018",31.105042156452658,41.790840672593895,50.0,0.614386260509491,"Vegas - 400% boxes July 19, 2018",30.93050784916862,41.315237943242714,50.0,0.6361345052719116
59,په بامیانو کې میرمنو یو بریالی هنري بازار پرانیستی - The Migrant Project,Women in Bamiyan province set up successful art bazaar - The Migrant Project,Women in Bamyan open a successful art market - The Migrant Project,26.355859260455794,58.48929982237756,38.46153846153847,0.8936284184455872,Women in Bamyan opened a successful art market - The Migrant Project,26.355859260455794,58.1826470427955,38.46153846153847,0.891491174697876,Women in Bamyan opened a successful art market - The Migrant Project,26.355859260455794,58.1826470427955,38.46153846153847,0.891491174697876
60,د جاکارتا قرآن کریم په مقابلو کښې د اندونیزیا ۴۲ ماشومانو مقابلې + انځور,"TEHRAN (IQNA) – Sheikh Mahmoud Abul Wafa al-Saeidi, a prominent Quran reciter in Egypt, died at the age of 64.",42 Indonesian children compared to the Koran in Jakarta + image,1.2482247181508341,10.050354738219,95.0,0.4018823206424713,42 Indonesian children compared to the Quran in Jakarta + image,1.381387727300558,12.015812197161084,90.0,0.39785611629486084,42 Indonesian children vs. Jakarta Quran Quran + Image,1.11343058914179,9.313705153376633,95.0,0.35993167757987976
61,1.5L مینی یوایسبی اسیریم د مچھلی ټانک LCD LCD Timer د لمر لامپ تور - shoppingxirect24.com - SDXNX,1.5L Mini USB Aquarium Fish Tank LCD Timer Clock LED Lamp Light Black – shoppingdirect24.com - SD24,1.5L Mini USB Aquarium Fish Tank LCD LCD Timer Solar lamp black - shoppingxirect24.com - SDXNX,40.1190805057069,61.62375430090465,41.17647058823529,0.804845929145813,1.5L Mini USB Aquarium Fish Tank LCD LCD Timer Solar Lamp Black - shoppingxirect24.com - SDXNX,41.83007445500921,64.51110583444371,41.17647058823529,0.8172114491462708,1.5L Mini USB Aquarium Fish Tank LCD LCD Timer Solar Lamp Black - shoppingxirect24.com - SDXNX,41.83007445500921,64.51110583444371,41.17647058823529,0.8172114491462708
62,1. د ورکړې شرایط؟,1. Payment Terms ?,1. Payment terms?,42.72870063962342,68.39785214785215,50.0,0.9703742861747742,1. Conditions of payment?,17.965205598154213,32.14189827204712,75.0,0.9295297861099243,1. Conditions of payment?,17.965205598154213,32.14189827204712,75.0,0.9295297861099243
63,تاسو کولای تل په Wondershare عکس راستنولو تکیه وکړو فوجی عکس بیرته څخه فوجی د ګڼياليزې کامرې او عکسونه بیرته. ...,"If you want to recover data from your hard drive, you might need to find and the local hard drive recovery service and let staff here to help you. ...",You can always rely on Wondershare Photo Recovery to recover Fuji photos from Fuji digital cameras and photos. ...,8.008491173009801,22.311407515042706,86.66666666666667,0.6040533185005188,You can always rely on Wondershare Photo Recovery to recover Fuji Photo from Fuji Digital Camera and photos. ...,8.008491173009801,22.373383974408476,86.66666666666667,0.5730717778205872,You can always rely on Wondershare Photo Recovery to recover images and images from Fuji Digital Camera. ...,7.823069335497131,21.844390847153374,83.33333333333334,0.6006059050559998
64,د مطالبو او انځورونو د بیا خپرولو لپاره زمونږ سره اړيکه ونیسئ,43: Should India change its Afghan strategy? 27.08.2013|Politics,Contact us for re-publishing materials and images,0.0,9.978012433934973,100.0,0.48079240322113037,Contact us for re-publishing materials and images,0.0,9.978012433934973,100.0,0.48079240322113037,Get in touch with us for re-publishing materials and images,0.0,11.086496534060444,125.0,0.4756905138492584
65,نعت- څومره دي خوږ دی ښکلی نوم محمد (ﷺ),Don't call your self King of Kings! پښتو,How sweet is the name Muhammad?,0.0,3.5601265822784813,100.0,0.6146225929260254,"The Prophet (peace and blessings of Allah be upon him) said: ""O Muhammad!",2.5540496664715904,12.470468148034458,150.0,0.4845316410064697,"The Prophet (peace and blessings of Allah be upon him) said: ""The Prophet (peace and blessings of Allah be upon him) said:",1.286713095960916,10.452560480204513,262.5,0.4199995696544647
66,د ټاکل شوې غونډې په اړه تر اوسه پورې، ښاغلی اتو او ات به زما ځای بدل کړي او یو تفصيلي راپور واستوي.,"Concerning the meeting scheduled so far, Mr. So-and-so will replace me and send me a detailed report.","On the scheduled meeting so far, Mr. Eight and Eight will change my seat and send a detailed report.",31.82084684007776,53.02679900437168,52.94117647058824,0.7041863799095154,"As far as the scheduled meeting is concerned, Mr. Eight and Eight will change my seat and send a detailed report.",17.729842264695016,48.91466055609988,76.47058823529412,0.6960431933403015,"As far as the scheduled meeting is concerned, Mr. Eight and Eight will change my seat and send a detailed report.",17.729842264695016,48.91466055609988,76.47058823529412,0.6960431933403015
67,جرګه کښې به د فاټا،خیبرپښتونخوااودبلوچستان د پښتون ضلعو خلکو ته د شرکت بلنه ورکولی شي,"However, while our commitments are firm on finding a negotiated settlement taking along all key stake holders, we do not wish to raise false hopes and expectations.","The assembly will be able to invite the people of the districts of Fata, Khyber Pakhtunkhwa and Baluchistan to join the company",1.5984858158839017,13.693443507545608,96.29629629629629,0.487424373626709,"The meeting will invite people from PATA, Khyber Pakhtunkhwa and Peshawar districts to attend the meeting.",1.5593987533296287,13.902728858442961,96.29629629629629,0.47747406363487244,"The meeting will invite people from Peshawar district of Fateh, Khyber Pakhtunkhwa to attend the meeting.",1.451184057126309,13.467297454904454,96.29629629629629,0.4429818093776703
68,د سبزۍ د يخچالونو,Meat Shop Butcher Refrigeration Equipment,Vegetable refrigerators,0.0,18.25544550052178,100.0,0.592803955078125,Greenhouse fridges,0.0,8.491810245442206,100.0,0.4531310796737671,Vegetable refrigerators,0.0,18.25544550052178,100.0,0.592803955078125
69,د 10 تاسي باید د 5 شبکې په اړه پوه شئ,Technologies 10 Tips You Should Know About 5G Network,10 Things You Need to Know About Network 5,11.99014838091355,36.22477686064659,66.66666666666666,0.8202324509620667,10 Things You Need to Know About Network 5,11.99014838091355,36.22477686064659,66.66666666666666,0.8202325105667114,10 Things You Need to Know About 5 Networks,11.339582221952005,36.53493220427465,66.66666666666666,0.7841586470603943
70,1-16 د د “”روزووډ Rosary”” 173 پايلې,1-16 of 173 results for “”Rosewood Rosary””,1-16 Results of the Rosary of Rosewood 173,17.747405280050266,39.54903181084597,85.71428571428571,0.6295519471168518,1-16 Results of Rosary 173 of Rosary,20.164945583740657,30.91868444890997,71.42857142857143,0.5616868138313293,1-16 Results of Rosary 173 of Rosary,20.164945583740657,30.91868444890997,71.42857142857143,0.5616870522499084
71,نقل ځله به توپير په کتو سره خپل ځای:,Shipping times will vary depending on your location:,Replication times will vary depending on your location:,86.33400213704509,83.16884476791792,12.5,0.8159531950950623,The replication frequency will vary depending on your location:,63.894310424627285,70.49728387647468,37.5,0.7348694205284119,Replication times will vary depending on your location:,86.33400213704509,83.16884476791792,12.5,0.8159531950950623
72,کامرون - نګربه قتل عام: سمویل ایتو خپله چوپتیا ماتوي او په اسینوکس کې یې اعتماد کوي,Opinion | Winners and losers of democratic debate - New York Times,Cameroon-Nagreb Massacre: Samuel Eto'o breaks his silence and trusts Asinox,3.42209762272661,12.70076824518383,100.0,0.5058438777923584,Cameroon-Nigeribe massacre: Samuel Eto'o breaks his silence and relies on Asinox,3.3864985683445354,13.608799574394336,100.0,0.4733477532863617,Cameroon-Nigeribe Massacre: Samuel Eto'o Breaks His Silence and Confides in Asinox,3.3864985683445354,13.95323497838856,100.0,0.46391409635543823
73,ښونې او روزنې پوهنځی,Faculty of Social science,Teaching and Training Faculty,15.97357760615681,22.637830895514043,100.0,0.671768844127655,Teaching and Training Faculty,15.97357760615681,22.637830895514043,100.0,0.6717692017555237,Teaching and Training Faculty,15.97357760615681,22.637830895514043,100.0,0.671768844127655
74,د پوهنتون څخه بهر علمي مرکزونو سره د معلوماتو تبادله او همکاري.,· Providing education based on knowledge and experiment,Information exchange and cooperation with academic centers outside the university.,3.7477767366779213,18.933725137413372,125.0,0.6580359935760498,Information exchange and cooperation with academic centers outside the university.,3.7477767366779213,18.933725137413372,125.0,0.6580359935760498,Information exchange and cooperation with academic centers outside the university.,3.7477767366779213,18.933725137413372,125.0,0.6580359935760498
75,254smo uns s31254 en1.4547 بولټونه او مغزونه 1-1 / 2 ”-8unx180mm تار تار راډ,254smo uns s31254 en1.4547 bolts and nuts 1-1/2”-8unx180mm thread rod,254smo uns s31254 en1.4547 bolts and nuts 1-1 / 2 -8unx180mm wire rod,71.66258375282708,78.4128625624384,50.0,0.8546553254127502,254smo uns s31254 en1.4547 bolts and nuts 1-1 / 2 -8unx180mm wire wire rod,66.68954865619207,77.2544210414248,60.0,0.8326869606971741,254smo uns s31254 en1.4547 bolts and nuts 1-1 / 2 -8unx180mm wire wire rod,66.68954865619207,77.2544210414248,60.0,0.8326869606971741
76,د ډراپ شاپنگ طاق غوره کړئ چې ګټور وي,Choose a dropshipping niche that's profitable,Choose a drop-shopping niche that is profitable,15.619699684601283,68.09769276504323,50.0,0.919658899307251,Choose a drop-shopping niche that is useful,14.535768424205482,51.79772699199027,66.66666666666666,0.850386381149292,Choose a drop-shopping niche that is useful,14.535768424205482,51.79772699199027,66.66666666666666,0.8503862023353577
77,په ناروې کې ټول ماشومان د لس کلونو د زده کړې د تر لاسه کولو حق او دنده (مکلفیت) لري. همدارنګه ځوانان د ثانوي زده کړې حق لري.,"In Norway, all children have the right and obligation to ten years of schooling. Young people also have the right to upper secondary education.","In Norway, all children have the right to a ten-year education, as well as the right to secondary education.",36.717373813957806,53.74156672374731,45.83333333333333,0.8906074166297913,All children in Norway have the right and duty to receive ten years of education. Also young people have the right to secondary education.,27.168581825061842,60.443097000160385,29.166666666666668,0.9151517748832703,All children in Norway have the right to ten years of education and the obligation to do so. Youth also have the right to secondary education.,31.82356622196302,64.28103744803498,45.83333333333333,0.906898558139801
78,په جرمني کې کوم مسلکونه شته؟,How can I find a job in Germany?,What professions are there in Germany?,18.370727471078336,34.35818273642368,75.0,0.7488579154014587,What professions are there in Germany?,18.370727471078336,34.35818273642368,75.0,0.7488579154014587,What professions are there in Germany?,18.370727471078336,34.35818273642368,75.0,0.7488579154014587
79,16 180 726 9-11 65-75 د وزن روښانه وزن,16 180 726 9-11 65-75 Light Weight fabric,16 180 726 9-11 65-75 light weight,71.77659214467671,61.04334682055992,12.5,0.860840380191803,16 180 726 9-11 65-75 Light weight,81.55395405382076,72.96724112283573,12.5,0.8765185475349426,16 180 726 9-11 65-75 Light weight,81.55395405382076,72.96724112283573,12.5,0.8765185475349426
80,ګام 5 مخلید او ړومینګ تليفون څخه ړنګ عکس بیرته,"Step 5 Preview û rêgirtina li photos jêbirin, ji telefonê BlackBerry",Step 5 Retrieve the deleted image from the unlocked and roaming phone,6.772997136689072,16.289187953775066,90.9090909090909,0.5201647281646729,Step 5 Retrieve deleted image from deleted and scrolling phone,6.870976634467838,16.85891231628554,81.81818181818183,0.46337756514549255,Step 5 Remove deleted image from deleted and scrolling phone,6.870976634467838,15.61603222034939,81.81818181818183,0.47234851121902466
81,په بشپړه توګه وړیا امتیاز او د ځینو هیوادونو لپاره، موږ تاسو تضمین کوو چې توکي مو ترلاسه کړئ.,"admin, admin on The most effective weight loss powder: Sibutramine powder(Meridia)","Completely free of charge and for some countries, we guarantee you get the goods.",2.445593937240363,10.545994541009174,127.27272727272727,0.45800894498825073,"Completely free of charge and for some countries, we guarantee you get the goods.",2.445593937240363,10.545994541009174,127.27272727272727,0.45800894498825073,"Completely free of charge and for some countries, we guarantee you get the goods.",2.445593937240363,10.545994541009174,127.27272727272727,0.45800894498825073
82,څرخ د شګو مینځلو ماشین بیه,Wheel sand washing machine price,Wheel sand washing machine price,100.00000000000004,100.0,0.0,0.9730494618415833,Wheel sand washing machine price,100.00000000000004,100.0,0.0,0.9730494618415833,Wheel sand washing machine price,100.00000000000004,100.0,0.0,0.9730494618415833
83,1. په بشپړه توګه flaps (F8) وغځوي.,1. Fully extend flaps (F8).,1. Fully extend the flaps (F8).,65.80370064762461,85.64622776871617,20.0,0.9367023706436157,1. Fully extend flaps (F8).,100.00000000000004,100.0,0.0,0.9704484343528748,1. Fully extend flaps (F8).,100.00000000000004,100.0,0.0,0.9704484343528748
84,تولید سرعت 3500-7200pieces / ساعت کچول شوی د بریښنا د 2.2kw,Production Speed 3500-7200pieces/hour Rated Power 2.2kw,Production speed 3500-7200pieces / h Passed power of 2.2kw,25.965358893403383,52.706929503286574,83.33333333333334,0.8877519965171814,Production speed 3500-7200pieces / h Passed power 2.2kw,29.071536848410968,56.7580716653345,66.66666666666666,0.9009789228439331,Production speed 3500-7200pieces / h Passed power 2.2kw,29.071536848410968,56.7580716653345,66.66666666666666,0.9009789228439331
85,تخمونه: ستاسو روغتیا ته ګټې او زیانونه رسوي. نور څه؟ ډایټیټیسټ تشریح کوي,"When people take opiates, their health suffers Nonsteroidal anti-inflammatory Seeds: benefits and harms to your health. What more? Dietitian explains",Seeds: Benefits and Harms to Your Health.,2.264646503556863,16.675483204683406,65.0,0.6607000231742859,Seeds: Benefits and Harms to Your Health. What More? Explains Dietitian,4.676121908728247,29.16512931226568,50.0,0.7033272385597229,Seeds: Benefits and Harms to Your Health. What More? Explains Dietitian,4.676121908728247,29.16512931226568,50.0,0.7033272385597229
86,Wondershare LiveBoot کمپيوټر چالان CD په اړه نور معلومات,Each solution takes you only 2 steps. It's quite easy.,Learn more about Wondershare LiveBoot computer driven CD,0.0,7.945308291052054,100.0,0.4535762369632721,More info on Wondershare LiveBoot Computer Drive CD,0.0,6.442891836704666,100.0,0.4349898099899292,Learn more about Wondershare LiveBoot Computer Drive CD,0.0,7.706170236879339,100.0,0.4560195207595825
87,د هېواد په شمال کې د جنبش ملي او جمیعت اسلامي ګوندونو ترمنځ نښتې,"For Australia in Afghanistan, victory was never an optionTony",Protests between nationalist and communist Islamist parties in the north of the country,3.0890553181566975,16.823837533507067,144.44444444444443,0.5409010052680969,Protests between Nationalist and Jamaat Islamist parties in northern Afghanistan,4.990049701936832,25.44412844835992,111.11111111111111,0.5928731560707092,Protests between the Nationalist and Jamaat Islamist parties in the north of the country,2.8398387225677895,16.12332585218177,155.55555555555557,0.5711613297462463
88,دهرات ولايت دکډوالو او راستنېدونکوچارو رياست - دګډوالو او راستنیدونکو چارو وزارت,Directorate fo Refugees and Repatriations of Herat Province - Ministry of Refugees and Repatriations,State Department of Refugee and Returned Persons - Ministry of Refugee and Returned Persons,12.571192676522521,36.775754652263544,71.42857142857143,0.773823618888855,Department of Refugee and Refugee Affairs - Ministry of Refugee and Refugee Affairs,12.661968357569915,34.68322601092868,71.42857142857143,0.7032901048660278,Directorate of Refugee and Refugee Affairs - Ministry of Refugee and Refugee Affairs,13.159455544835676,41.219922118780985,64.28571428571429,0.7392590641975403
89,یوتلست 10A 10.0 ° E,SR: 27500 ksymb / S,Utilised 10A 10.0 ° E,0.0,2.4350649350649354,100.0,0.5071460604667664,Utilised 10A 10.0 ° E,0.0,2.4350649350649354,100.0,0.5071461200714111,Utilised 10A 10.0 ° E,0.0,2.4350649350649354,100.0,0.5071460604667664
90,د موبايل په مخروط اوريزو نبات,Mobile Cone Crushing Plant,Cell phone cone orange plant,0.0,13.84796169268519,75.0,0.49425897002220154,A mobile cone orange plant,0.0,20.1222521560504,50.0,0.4955749809741974,Mobile conical orange plant,15.97357760615681,25.9179456672697,50.0,0.5449947714805603
91,يو بنسټيز PL / کيو ايل snippet (نومه د بنديز) او يا هم په يو شمېر مرمۍ وسیله په يو وخت په دار وځړول (د ساري په کيو ايل * Plus) يا,A PL / SQL malika bingehîn (block neqeydkirî) yan jî di cih de li hin tool shell Bakûr (raxîne. SQL * Plus) an,A basic PL/QL snippet (known as blocking) or hanging on a number of keystrokes at a time (known as SQL*Plus) or,10.884267615693712,18.439840578943354,95.65217391304348,0.4378877580165863,A basic PL/QL snippet (name blocking) or hanging on a number of repair tools at a time (serial in QL*Plus) or,6.976059189487863,19.51949124096268,95.65217391304348,0.4195466637611389,A basic PL/QL snippet (name of block) or hanging on a number of repair tools at a time (the entire QL*Plus) or,6.910549031862163,19.39711758325651,95.65217391304348,0.3952881395816803
92,د بحث سره یوځای غواړئ؟,Want to join the discussion?,Would you like to join the discussion?,51.697315395717055,76.23841696708566,60.0,0.9241476058959961,Would you like to join the discussion?,51.697315395717055,76.23841696708566,60.0,0.9241476058959961,Want to join the discussion?,100.00000000000004,100.0,0.0,0.9822545647621155
93,سندونه ISO9001 ، CE ، SGS ، API,"Certifications ISO9001,CE, SGS, API","Certificates such as ISO9001, CE, SGS, API",63.894310424627285,73.29685137390001,125.0,0.9324415922164917,"Certificates ISO9001, CE, SGS, API",84.08964152537145,76.58686369172459,75.0,0.9594691395759583,"Certificates ISO9001, CE, SGS, API",84.08964152537145,76.58686369172459,75.0,0.9594691395759583
94,Curator of Emirates Soil Museum Full-time أبريل ۲۳ ۲۰۱۸ يونيو ۱۸ ۲۰۱۸ ICBACSD-SMC-2018-003,Business Development Specialist Full-time Jan 31 2018 Mar 18 2018 ICBAPKM-BDS-2018-001,Curator of Emirates Soil Museum Full-time 23 April 2018 18 June 2018 ICBACSD-SMC-2018-003,3.9297193407553004,29.346395890356764,90.9090909090909,0.775798499584198,"Curator of Emirates Soil Museum Full-time April 23, 2018 June 18, 2018 ICBACSD-SMC-2018-003",3.4197980307804725,29.094870750449452,90.9090909090909,0.7640989422798157,"Curator of Emirates Soil Museum Full-time April 23, 2018 June 18, 2018 ICBACSD-SMC-2018-003",3.4197980307804725,29.094870750449452,90.9090909090909,0.7640989422798157
95,تبدیل ماشوم د موټر څوکۍ,Baby Car Booster Seat,Converted baby car seat,0.0,16.06404012886424,50.0,0.7638127207756042,Changing Child Car Seat,18.99589214128981,21.545044222135527,75.0,0.7174684405326843,Change baby car seat,0.0,13.02724872390954,50.0,0.8504660725593567
96,د خراب کولیسټرول په کچه کې زیاتوالى، له دې امله، د سټروک یا د زړه حملې خطرونو تمرکز کوي,"An increase in the level of bad cholesterol, hence, spiking up the risks of strokes or heart attacks","Increased levels of bad cholesterol, therefore, focus on the risk of stroke or heart attack",15.794135942355249,51.29464477721939,61.111111111111114,0.8444159626960754,"Increased levels of bad cholesterol, therefore, focus on the risk of stroke or heart attack",15.794135942355249,51.29464477721939,61.111111111111114,0.8444159626960754,"Increased levels of bad cholesterol, therefore, focus on the risk of stroke or heart attack",15.794135942355249,51.29464477721939,61.111111111111114,0.8444159626960754
97,۴۵۰ افغان زده کونکي په ټولو تحصیلي پړاؤنو کښې په ایران کښې ښوونځي ته ځي,Over 3.5 million Afghan Children Missing right to Education: Save the Children,450 Afghan students go to school in Iran in all academic stages,3.7052472057637615,14.203622318715622,100.0,0.6580349802970886,450 Afghan students go to school in Iran in all academic stages,3.7052472057637615,14.203622318715622,100.0,0.6580349802970886,450 Afghan students go to school in Iran in all academic stages,3.7052472057637615,14.203622318715622,100.0,0.6580349802970886
98,7.5M د صفا جوړولو، پن ډول ډول - Buildinglift.com جوړولو لپاره 800 کلوګرام معطل شوي پلیټینټونه جوړ کړي,"7.5M customized 800 Kg suspended platforms for building cleaning , pin - type - Buildinglift.com","7.5M builds 800 kg of suspended platforms for the construction of shaft, pin type - Buildinglift.com",29.153692299445225,55.31878281721192,46.666666666666664,0.7485048174858093,"7.5M builds 800kg suspended platforms for the construction of shaft, pin type - Buildinglift.com",32.22538601891173,55.81623315832914,53.333333333333336,0.7603220343589783,"7.5M built 800 kg suspended platforms for construction of shaft, pin type - Buildinglift.com",32.934059711691795,56.153245364489266,33.33333333333333,0.7636728882789612
99,د BMW X5 نوې جبهه چپ ځنډولو برخه هوا S ...,FOR BMW X5 NEW FRONT LEFT SUSPENSION PART AIR S...,New front left suspension part of BMW X5 Air S...,22.997519112894437,15.557003685392418,30.0,0.6259484887123108,BMW X5 new front left suspension part air s...,14.583776460856356,11.44065495578377,10.0,0.6112744212150574,BMW X5 New Front Left Suspension Part Air S...,23.19610106840199,18.69006872336774,10.0,0.6942719221115112
100,Rikoooo.com يوه فرانسوي وېب پاڼه وقف کمپيوټر فرضی (د ولايتي شورا)، په عمده توګه د Microsoft سافټ «دالوتني سیمیولیټر» او Lockheed Martin «Prepar3D» تمرکز، سره اړه Laminar د څیړنې «X-الوتکه» د ځینو عناصرو ده.,"Rikoooo.com is a French Website devoted to computer simulation (on PC), mainly focused on the Microsoft software «Flight Simulator» and Lockheed Martin «Prepar3D», with some elements concerning Laminar Research «X-Plane».","Rikoooo.com is a French website dedicated to computer simulations (State Council), mainly focusing on Microsoft's current simulator and Lockheed Martin's Prepar3D, with some elements of Laminar's research on the X-plane.",26.660495672254978,58.67231987879632,50.0,0.7519903779029846,"Rikoooo.com is a French website dedicated to computer simulator (s), mainly focusing on Microsoft Software Flight Simulator and Lockheed Martin Prepar3D, with some elements of research about Laminar X-Plane.",27.896563403836783,61.7041508205191,43.333333333333336,0.8064436316490173,"Rikoooo.com is a French website dedicated to computer simulator (PDF), mainly focused on Microsoft Software Flight Simulator and Lockheed Martin Prepar3D, with some elements of research on Laminar X-Plane.",34.54546504137877,64.26995436011343,40.0,0.7839378714561462
