pashto,english,semantic_similarity
CNC1-K لړۍ contactor 06 ~ 12A د AC 50 / 60Hz، د 690V ولتاژ مدار، د 12A curre کړي، د مختلفو types.Control مقاومت، inductive، capacitive بارونه contollingmotors: د تودولو، د رڼا او transformer.Control distrbutioncircuit، صنعتي ویش.,"CNC1-K series contactor 06~12A In circuit of AC 50/60Hz, voltage of 690V, curre up to 12A, contollingmotors of different types.Control resistance,inductive,capacitive loads: heating,lighting and transformer.Control distrbutioncircuit,industrial distribution.",0.92946607
"We strive for excellence, services the customers"", hopes to be the top cooperation team and dominator business for personnel, suppliers and prospects, realizes benefit share and continual promotion for iber optic, د نوري الیاف بيلابيلو ډولونو , فایبر کیبل , نوري فایبر ستوري , To improved expand market, we sincerely invite ambitious individuals and providers to hitch as an agent. Gaining purchaser gratification is our firm's intention eternally.","We strive for excellence, services the customers"", hopes to be the top cooperation team and dominator business for personnel, suppliers and prospects, realizes benefit share and continual promotion for iber optic, different types of optical fibers , Fiber Cable , fiber optic stars , To improved expand market, we sincerely invite ambitious individuals and providers to hitch as an agent. Gaining purchaser gratification is our firm's intention eternally.",0.9206135
د Lockheed L-188 Electra د لومړي turboprop طیاره په متحده ایالاتو کې جوړ ه شوی وه. خپلې لومړنۍ الوتنې په 1957 رامنځته شوه. خپلو اجراآتو په پرتله د یو جټ الوتکې د هغو کسانو، په کمه عملیاتي لګښتونه لږ و. (منبع ويکيپېډيا),"The Lockheed L-188 Electra was the first turboprop airliner built in the United States. Its first flight took place in 1957. Its performance was only slightly lower than those of a jet plane, with lower operating costs. (source Wikipedia)",0.9142362
د Gigalight 40G QSFP + LR4 10km optical transceiver (GQS-SPO400-LR4C) د ډیټا سینټر 40GBASE-LR4 ایترنیټ او OTN OTU3 لینکونه د ایس ایم ایف - فایل پر 10km پورې رسیږي لپاره ډیزاین شوي. یو اقتباس ترلاسه کړئ,The Gigalight 40G QSFP+ LR4 10km optical transceiver (GQS-SPO400-LR4C) is designed for Data Center 40GBASE-LR4 Ethernet and OTN OTU3 links reach up to 10km over Single-Mode Fiber (SMF).,0.9077371
【کاریال】 سدیم Ascorbate (na VC) برابروي د په سلو کې د کوليګن 1،000 mg، د خوړو / نوشابه / Pharmaceutical / روغتیا او شخصي پاملرنې په پراخه توګه کارول سوديم 131 ګرامه.,"【Application】Sodium Ascorbate (Na VC) provides 131 mg of sodium per 1,000 mg of ascorbic acid, widely used in Food/Beverage/Pharmaceutical/Health and Personal care.",0.8842684
Dia.95 × 60 ملي متري h؛ Dia.113 × 60 MMH؛ Dia.146 × 70 ملي متري h؛ Dia.168 × 82 ملي متري h؛ Dia.220 × 109 mm H، ECT.,"Dia.95×60 mm H ; Dia.113×60 mmH; Dia.146×70 mm H; Dia.168×82 mm H; Dia.220×109 mm H, ect.",0.88346434
د FileCatalyst | د Adobe شراکت شراکت جوړوي چې د FileCatalyst د چټک فایل د لیږد حل حلونو له لارې په ډیرو سرعتونو کې د فوټبال په لیږلو، شریکولو او شریکولو کې مرسته وکړي، په ډرامیک ډول د تولید سایټونو لوړول. د FileCatalyst ټیکنالوژي په مستقیم ډول د Adobe محصولاتو سره یوځای شوي او کولی شي په مستقیم ډول د Adobe سافټویر کې د یوې پینل څخه لاس رسی ولري.,"The FileCatalyst | Adobe partnership allows creators to send, share and collaborate on footage at maximum speeds via FileCatalyst’s fast file transfer solutions, dramatically enhancing production cycles. FileCatalyst’s technology has been integrated directly into Adobe products and can be accessed from a panel directly within Adobe software.",0.88306046
په Ray د Lido- Open Deal WaveRider WaterSports – پړاو Gozo & Comino د 1، 2 او يا 3 کسان جټ سکي فایرفاکس,"JET SKI SAFARI pande zote Gozo & Comino kwa 1, 2 au 3 watu – WaveRider Watersports katika Ray Lido- Open Deal",0.8778888
مګر د عکس کیفیت ، سمارټ انٹرفیس ، او د 8K مینځپانګې لپاره راتلونکي پروفرو وړتیا لپاره ، دا په ساده ډول ترټولو غوره 75 انچ تلویزیون جوړ کړئ چې تاسو یې کولی شئ. (اندیښنه مه کوئ ، پاتې لیست ارزانه دی.),"But for picture quality, smart interface, and the ability to futureproof for 8K content, make this simply the best 75-inch TV you could buy. (Don’t worry, the rest of the list is cheaper.)",0.8773336
موږ کولای شو د هر اندازې او د dinosaur سم ډول د مراجعينو د اړتیا تولید. سره حیرانونکې Animatronic Dinosaur، تاسو هم Jurasic پارک تجربه، نه یوازې د فلم د ليدو. سره د سوداګرۍ د پراختیا، نور دودیزه ايکټيو dinosaur نندارې موجود دی.,"With the amazing Animatronic Dinosaur, you also experience Jurasic Park, not only watch movie. With business development, more customized interactive dinosaur exhibits is available.",0.86370623
له بلې خوا SiteGround یو ګډ مخلوط بکس دی. پداسې حال کې چې دا معلومه کړې چې دا د 99.95٪ اپاینټ فعالیت سره خورا باثباته دی، د سرعت پایلې لږ توپیر لري. د bitCatcha سرعت ازموینې کارول، SiteGround د متحده ایاالتو، یا اروپا لکه د سنګاپور یا جاپان په سیمو کې لیرې شوي و.,"SiteGround on the other hand is a bit more of a mixed bag. While it has shown that it is quite stable with a 99.95% uptime performance, its speed results vary slightly. Using BitCatcha speed tests, SiteGround performed well for regions such as the U.S., or Europe but lagged in areas such as Singapore or Japan.",0.86131877
د Gigalight د 100G QSFP28 CLR4 2km optical transceiver (GQS-SPO101-CCR4CA) د ډیټا سینټر 100G CLR4 ایترنیټ او انفیني بنډ 4x EDR عالي-فعالیت کولو کمپیوټرې (HPCX) پورې لاسرسی لپاره ډیزاین شوی یو اقتباس ترلاسه کړئ,The Gigalight 100G QSFP28 CLR4 2km optical transceiver (GQS-SPO101-CCR4CA) is designed for Data Center 100G CLR4 Ethernet and InfiniBand 4x EDR High-Performance Computing (HPC) links reach up to 2km without FEC over Single-Mode Fiber (SMF).,0.859784
د Rikoooo installer تاسو ته اجازه درکوي په اتوماتيک ډول vasFMC 2.1 ستاسو په سیمیولیټر د لګولو او د ایربس A320 او A321 له مصره مخکې شکل بندي. د پارسل کې د Navdata Navigraph - Navdata - AIRAC 0609 کال 2006 (وړیا),The installer of Rikoooo allows you to automatically install vasFMC 2.1 in your simulator and pre-configured for the Airbus A320 and A321 Egyptair. The package includes the Navdata of Navigraph - Navdata - AIRAC 0609 year 2006 (free),0.85122895
د KOOWHEEL 8.5inch سمارټ توازن سکوټر K7 ده د په بازار کې د پانې hoverboard یو. دا د نورو hoverboards په پرتله په لږ توپير ټکنالوژۍ د شکلونو، اجازه دا چې خورا پیاوړي ماشینه وکاروي، د 8.5inch څرخ دي پر خاورې او واښه fantastic، که څه هم، نه inflatable کېږي، تاسو ...ادامه مطلب »,"The KOOWHEEL 8.5inch Smart balance scooter K7 is one of the newest hoverboard on the market. It features a slightly different technology than the other hoverboards,allowing it to use more powerful motors, the 8.5inch wheels are fantastic on dirt and grass, even though, not being inflatable, you ...Read more »",0.85087013
2.The د پمپ کولو سيستم تسجيل د بریښنالیک کنټرول commutation. د پمپ commutation دی چټک او کره، د سیستم اغیزه ده د وړو، او د واقعي پمپ موثریت له خوا 7٪ څخه زيات د دوديزې hydraulically کنټرول commutation سیستم زیات شوي.,"2.The pumping system adopts electronically controlled commutation. The pumping commutation is quick and accurate, for system impact is small, and the actual pumping efficiency is increased by more than 7% over the conventional hydraulically controlled commutation system.",0.8497731
Robin DR400 يو-واحد انجن سپکې الوتکې په الوتلو کلپونه پراخه توګه کارول، د شرکت Avions Pierre Robin، اوس Robin د الوتکو غږ له خوا توليد شوې.,"Robin DR400 is a single-engine light aircraft widely used in flying clubs, produced by the company Avions Pierre Robin, now called Robin Aircraft.",0.8489955
25G د 2.5G د بینڈوټس لګښت په لږ لګښت کې 10x وړاندي کوي. پایلې په هر څه کې د 50٪ کمښت کې کمښت دی.,25G provides 2.5x the bandwidth of 10G at a slight increase in cost. The result is nearly a 50% reduction in the cost per bit.,0.84893066
د آلمان فدرالي جمهوریت د برلین ښار کې د لوړو زده کړو رهبرانو او مسوولینو نړۍ وال کنفرانس د افغانستان د لوړو زده کړو لوړ پوړي هئیت په فعاله ګډون جوړ شو,"The International Conference of Leaders and Higher Education Officers in Berlin, Federal Republic of Germany, by participation of Afghanistan’s Higher Education High Commissioner",0.8347364
موږ سره د خپلو ګمرکي بسته ډیزاینونه مشتریانو ملاتړ، موږ نه یوازې د لوړ کيفيت لرونکي محصولات خو هم سره د غوره خدمتونو، مرسته وکړي او وده زموږ د مشتریانو ملتیا کوي.,"We support clients with their own custom packaging designs, we provide not only high quality products but also with nice service, help and accompany our clients to grow.",0.8340771
که د ځینې دلیلونو لپاره تاسو د VPN له لارې لوبه ته اړتیا لرئ، تاسو به د اوږدې مودې په ترڅ کې د شتون سبب کیدو کمولو لپاره تاسو ته نږدې یو سرور غوره کړئ. د لیږد سرعت باید ژر تر ژره وي. په هرصورت، که تاسو د VPN کارولو پورې اړه لرئ د ځانګړي کور سرورونو سره د لوبې کولو لپاره تړل، دا ممکن د ستونزې لږ وي.,"If for some reason you feel the need to game through a VPN, you’ll need to select a server near you in order to reduce lag caused by longer pings. The line speed should be fast enough. However, if you’re depending on using the VPN to connect to specific overseas servers for gaming, that might be a little bit of a problem.",0.8324913
