pashto,english,semantic_similarity,bucket
Article Video تجارب كاتب فيديو Post Author HTML PHP WordPress Tag Tags World العالم ووردبريس وسوم وسم review مراجعة جوال mobile آبل apple blackberry galaxy,Article Video تجارب كاتب فيديو Post Author HTML PHP WordPress Tag Tags World العالم ووردبريس وسوم وسم review مراجعة جوال mobile آبل apple blackberry galaxy,1.0,top_high_similarity
"His grandson Jafar rose to power by first subjecting all his relations to his will, and then the neighbouring tappa of Ismail Khel, over which Allahdad, a distant cousin of his, became chief. ""دې شي ته اوګوره اؤ دې خبرو ته ئې اوګوره!""ګاونډۍ ښځې بي بي جانې ته وويل ""تۀ به وَى چې چرته لوئي مولئي صېب دى اؤ منارضې ئې کړې دي"".","His grandson Jafar rose to power by first subjecting all his relations to his will, and then the neighbouring tappa of Ismail Khel, over which Allahdad, a distant cousin of his, became chief. ""دې شي ته اوګوره اؤ دې خبرو ته ئې اوګوره!""ګاونډۍ ښځې بي بي جانې ته وويل ""تۀ به وَى چې چرته لوئي مولئي صېب دى اؤ منارضې ئې کړې دي"".",0.9999999,top_high_similarity
Polémique au carnaval d’Alost: le bourgmestre répond au ministre israélien des Affaires étrangères Polémique au carnaval d’Alost: le bourgmestre répond au ministre israélien des Affaires étrangères Le bourgmestre d’Alost... نړیوال,Polémique au carnaval d’Alost: le bourgmestre répond au ministre israélien des Affaires étrangères Polémique au carnaval d’Alost: le bourgmestre répond au ministre israélien des Affaires étrangères Le bourgmestre d’Alost...,0.9977773,top_high_similarity
"MORNLASER fiber laser marking machines offer a safe and economic way for product marking in a wide range of industries, such as mechanical parts production, electronic parts marking, medical instruments serial number, automotive parts and so on. All these marks engraved on product surfaces, almos... ادامه مطلب »","MORNLASER fiber laser marking machines offer a safe and economic way for product marking in a wide range of industries, such as mechanical parts production, electronic parts marking, medical instruments serial number, automotive parts and so on. All these marks engraved on product surfaces, almos... 続きを読みます»を",0.99361974,top_high_similarity
"outsourcing costa rica, costa rica outsourcing,call center costa rica, call centers in costa rica, costa rican call center, costa rican call centers, BPO, business process outsourcing, business process outsourcing costa rica, bilingual call center telemarketing کور د امريکا د متحده ايالتونو په اړه","outsourcing costa rica, costa rica outsourcing,call center costa rica, call centers in costa rica, costa rican call center, costa rican call centers, BPO, business process outsourcing, business process outsourcing costa rica, bilingual call center telemarketing",0.9929445,top_high_similarity
"As one of the top 15 laser manufacturers in China, MORN LASER has taken up a great place in global laser market with 18 years accumulation of industrial technology and manu... ادامه مطلب »","As one of the top 15 laser manufacturers in China, MORN LASER has taken up a great place in global laser market with 18 years accumulation of industrial technology and manu... 続きを読みます»を",0.99110943,top_high_similarity
"If your Discord is stuck on the connecting screen, you can follow our troubleshooting guide to get it fixed. There are plenty of causes for this issue, which means we’ll need to go through each troubleshooting step one by one until it’s solved. We’ll start with the easier fixes first, but we have made sure … نور یی ولوله","If your Discord is stuck on the connecting screen, you can follow our troubleshooting guide to get it fixed. There are plenty of causes for this issue, which means we’ll need to go through each troubleshooting step one by one until it’s solved. We’ll start with the easier fixes first, but we have made sure … Read more",0.9887848,top_high_similarity
"سند : GS , CE , GB , ISO14001 , ISO9001 , CB , CCC , EMC , FCC , MSDS , PSE , RoHS , SSA , Test Report , TUV , UL","Sertipiko : GS , CE , GB , ISO14001 , ISO9001 , CB , CCC , EMC , FCC , MSDS , PSE , RoHS , SSA , Test Report , TUV , UL",0.98063976,top_high_similarity
امریکا، ایران، پاکستان، نیپال، هند، سعودي عربستان، آلمان، انګلستان، فلیپین، ترکیه، تاجکستان، ایټالیا، سریلانکا، استرالیا، روسیه، فرانسه، کاناډا، هالنډ، کنیا، چین، ازبکستان، کویټ، قرغزستان، تایلنډ، قزاقستان، یوګانډا، جنوبي افریقای، بلجیم، اردن، سویډن، یونان، ناروې، اتریش، اندونیزیا، رومانیا، پولنډ، ډنمارک، پورتو ریکو، مصر، ترکمنستان، جنوبي کوریا، سویس، اسپانیا، مالیزیا، نایجریا، نیوزیلنډ، جاپان، هانګ کانګ او فنلنډ.,"(USA, Iran, Pakistan, Nepal, India, Saudi Arabia, Germany, UK, Philippines, Turkey, Tajikistan, Italy, Sri Lanka, Australia, Russia, France, Canada, Netherlands, Kenya, China, Uzbekistan, Kuwait, Kyrgyzstan, Thailand, Kazakhstan, Uganda, South Africa, Belgium, Jordan, Sweden, Greece, Norway, Austria, Indonesia, Romania, Poland, Denmark, Puerto Rico, Egypt, Turkmenistan, Colombia, South Korea, Switzerland, Spain, Malaysia, Nigeria, New Zealand, Japan, Hong Kong, Finland).",0.97720855,top_high_similarity
"Our solutions are widely regarded and trustworthy by consumers and may meet continually modifying financial and social requirements for optical fibre uses, فایبر د رڼا کیبل , fiberstars روښان , د نوري استعمال فايبر , Safety as a result of innovation is our promise to each other.","Our solutions are widely regarded and trustworthy by consumers and may meet continually modifying financial and social requirements for optical fibre uses, fiber optic lighting cable , fiberstars lighting , use of optical fiber , Safety as a result of innovation is our promise to each other.",0.97556305,top_high_similarity
دآوا دخبرګزاری په بیان سره، دروسیی نظامی ځواکونه دیو مشترک نظامی مانور دترسره کولو لپاره دپاکستان سره دی هیواد ته وارد سو.,"His past reputation as a playboy — as well as his marriage to and divorce from socialite Jemima Goldsmith, daughter of British billionaire James Goldsmith — added to his mystique.",-0.2038373,bottom_low_similarity
دوی سر راایستلی خپل نفس تازه کوي ژر به نارې سي سر دننه تفریح ده ختمه,It was said that FATA which comprises of Seven Agencies and Six FRs is completely neglected and neither central government extends its help to its people and nor FATA Secretariat.,-0.18470934,bottom_low_similarity
د دې لپاره چې ورکوی بهرني هارډ ډرایو نه بڼول ګمراهۍ، تاسو بايد هغه ګامونه چې په لاندې ذکر له لارې ولاړ شي.,Install the Drive: Use an IDE / SATA data cable and a power connector to install the Hard Drive internally on your system.,-0.15502462,bottom_low_similarity
د امريكې په هوسټن ښار كښې د سخت باران او طوفان په نتيجه كښې د مړو شمېره 28 ته ورسېده,"INCHEON, South Korea, Sept 27 (APP): Pakistan, the Guangzhou 2010 Asian Games bronze medalist in Kabbadi event will be pitted against Thailand in their opening league match at Songdo Global University Gymnasium on Sunday.",-0.14241904,bottom_low_similarity
د هغه په وينا ځيني محصلين چې کله روسیې ته راځي د اقتصادي ستونزو له کبله يا بېرته هېواد ته ستنيږي يا هم د پيسو د نشتون له کبله غريبۍ ته مخه کوي چې درسونه هم ترې پاته کيږي.,"In the first full attempted audit of what he calls Britain's ""last imperial war"", Frank Ledwidge, author of Investment in Blood, published next week by Yale University Press, estimates British troops in Helmand have killed at least 500 non-combatants.",-0.13933542,bottom_low_similarity
همدارنګه د داخلي بې ځایه شویو د سروې په هکله خبرې وشوې او پرېکړه وشوه چې مالیې وزارت دې د یادې سروې د ترسره کولو لپاره مالي امکانات برابر کړي.,But Panorama has independently established that at least29 veterans took their own lives in 2012.,-0.13487592,bottom_low_similarity
ښاغلی سیدموسی عثمان د حاجی علی اکبر چی دی عزیزی بانک یو کوچنی سهمدار او مرستیال په پته چی کومی بی اثباته او لی تعصبه ډکی څرګندونی کړی د چا په خبره بی کڅوړی ډزی بولم او د خپل ژوند او سترګو لیدلی حال دی ښاغلی حاجی علی اکبر او د ده د کورنۍ په په لنډ ډول دوستانو ته وړاندی کوم..,It is the first time in the country’s history that numerous surveys in regards to presidential nominees’ popularity among potential voters are carried out. In the last few such surveys the two below mentioned candidates have stood on the top of the list.,-0.13456711,bottom_low_similarity
زه ډاډه یم چې ستاسو آرشیف ستاسو د سپي کیسې او وروستي فلمونو په مینځ کې لږترلږه دوه یا درې ځانګړي موضوعاتو په اړه د بلاګ پوسټونو سره ډک شوي.,I'm sure your Archives are packed full with blog posts about at least two or three niche topics in between your dog stories and the last movie you watched.,-0.13315114,bottom_low_similarity
اوس چې تاسو د خپل بټ الندې د بلاګنګ کولو ځینې تجربه لرئ، دا د وخت وخت دی چې په سړک وځورئ او د آزاد لیکلو کار پیل وکړئ. مخکې له دې چې تاسو پیل کړئ، دلته ځینې شیان په پام کې نیولو سره دي: کوم کنین ...,"Now that you’ve got some blogging experience under your belt, it’s time to hit the road and start looking for freelance writing work. Before you get started, here are some things to consider: What Kin…",-0.1329516,bottom_low_similarity
چک په داسې حال کې چې د احتساب زیاتولو لپاره لارې چارې تشریح کوي او په سوداګرۍ او ژوند کې خورا زیات اغیزمن کیږي.,"Why would I ask that? Because that is how the majority of us live. We play it safe by thinking we are incapable of pushing harder, faster, and higher than we are right now.",-0.13277176,bottom_low_similarity
