pashto,english,source,manual_quality,comment,prediction
105 زیرمې بک په PocketFruity بک امتیازات نه,"Ang 'Lucky New Year' ay LIVE sa Black Diamond, Spartan Slots at Box 24!",WMT20,,,105 No Deposit Book Prizes at PocketFruity Book
.: پاييز 1392، جلد 9، شماره 3,.: Year 12، No. 2,WMT20,,,": Page 1392, Volume 9, No. 3"
سامسونګ له خپلو نويو موبایلونو پرده پورته کړه,Abdullah says won't join election ticket of any presidential...,WMT20,,,Samsung has unveiled its new phones
د ویب پاڼې ازموینه، د سیسټم څخه چې په شیکاګو کې موقعیت لري، TTFB: 486ms.,"Webpage Test, from server located at Chicago, TTFB: 486ms.",WMT20,,,"Website test, from a system located in Chicago, TTFB: 486ms."
ذخيره شما: $2.40 (60%),Bazic #2B Premium Wood Pencil - 12/Pack,WMT20,,,Your savings: $2.40 (60%)
تناوب ظرفیت: 20 ټنه اعظمي,Rotation capacity 20 tons maximum,WMT20,,,Turning capacity: 20 tonnes maximum
PE کاربن Spiral پیاوړی نل تولید,Plastic Pipe Production Line,WMT20,,,PE Carbon Spiral Strengthened Pipe Production
4 Min BGA او مايکرو BGA جګوالی او توپ حساب 0،008 په. (0.2mm) جګوالی، توپ حساب د 1000 څخه زیات,"4 Min BGA and Micro BGA pitch and ball counts 0.008 in. (0.2mm) pitch, ball count greater than 1000",WMT20,,,"4 Min BGA and Micro BGA torque and ball account 0.008 in. (0.2mm) torque, ball account more than 1000"
نړیواله ډله: د اسلامی هیوادونو د غونډو ترمنځه اتحادیه ۱۱ کانفرانس په د بهمن میاشته څلورم نېټې باندې د اسلامی شورا غونډې مشر په شتون سره بغداد کې شروع شو.,TEHRAN (IQNA) – The United Arab Emirates’ Ministry of Culture and Knowledge Development plans to launch the ninth session of the Ramadan Forum for Quran calligraphy at Dubai Festival City on Sunday.,WMT20,,,International Group: The 11th Conference between the Assemblies of Islamic Countries was inaugurated in Baghdad on the 4th day of the month of Bahman in the presence of the head of the meeting of the Islamic Council.
د هند حیدرآباد جومات په کلینیک کښې د بېلابېلو دینونو منونکو نه ښه راغلاست,Young Australian Arbaeen Pilgrim Talks about How Everyone Is Attracted to Imam Hussein (AS),WMT20,,,"In India, the Hyderabad mosque welcomes people of different faiths to the clinic."
4 متره لاس ترس,Big Aluminum Stage TSA-4,WMT20,,,4 meters hand thrust
HGH کلینیک تایلنډ - په بنکاک کې د درملتون څخه د انتقال جینتروپین,HGH Kit Thailand - kit of Genotropin pens from Pfizer in Bangkok,WMT20,,,HGH Clinic Thailand - Transfer Genotropin from pharmacy in Bangkok
ټول د نیپون هوايي شرکت (3 liveries),All Nippon Airways (3 liveries),WMT20,,,All Nippon Airlines (3 liveries)
د مرستیال ژوند لیک د راجستر شویو سیاسی حزبونو لیست,Deputy Minister in Social Affairs - ‌Biography,WMT20,,,List of registered political parties List of registered political parties
د کیسې کیسه کولو تخنیک #7. د لوستونکي کیسه شریک کړئ ...,Storytelling technique #7. Share a reader's story…,WMT20,,,Storytelling technique #7. Share the reader's story...
نیلي پرده کې تېروتنه,Lahenda väljastamine Arvuti +,WMT20,,,Error in blue screen
PEX پایپ extrusion ماشین,Pvc Pipe Extruder Machine,WMT20,,,PEX pipe extrusion machine
© کوه رون ته ځي. کوه رونګ ټاپو، کرون پریه سیانکوک، کمبوډیا,"How to Get to Koh Rong (From Sihanoukville, Phnom Penh & More)",WMT20,,,"© Go to Koh Rong Island, Crown Pride Sihanouk, Cambodia"
ټیزس ریلی جان 13، 2020 0,They may also have credit card or personal debt.”,WMT20,,,"Thesis Relay January 13, 2020 0"
ښه والی د معلوماتو په زیرمه زيانمن ټولو ډول دوتنې وځلیږي لکه د جدولونو، چارتونه، فورمولونه، تبصرې، انځورونه او داسې نور.,There are two modes of the program i.e. Wizard mode and the Standard mode which makes the program equally usable for all the users and therefore it is highly recommended.,WMT20,,,"Improvement in the database will eliminate all types of files such as tables, charts, formulas, comments, images and so on."
له کوره د کرزي د تېښتې اوازه هم خپره شوې ده او ویل کېږي، چې له کوره وتلی دی او معلومه نه ده، چې چېرته تښتېدلی دی؟,"We try to reduce violence against women in Bamyan, Karima Salek says",WMT20,,,He said that he has left the house and it is not known where he fled.
د څپې د پسرلي فشار محاسبه,Calculation Of Wave Spring Pressure,WMT20,,,Calculation of wavelength spring pressure
دڅیړنوپایلې اوپه هیوادکې دسرطان ناروغۍ:,Mr Tanha is awarded the first research poster prize.,WMT20,,,The results of the study and cancer in the country:
د FileCatalyst او کارینګ انډول پیژندنه,Understanding the FileCatalyst and Caringo Integration,WMT20,,,FileCatalyst and Carrying module recognition
2.If د محصول اندازه دي لویو، موږ به تاسو ته يو څه تخفيف ورکړي.,"2.If the product quantities are larger, we will give you a discount.",WMT20,,,"2.If the product size is larger, we will give you some discount."
Wood غاړکۍ Rosaries Wood غاړکۍ Rosaries,Wood Necklace Rosaries Wood Necklace Rosaries,WMT20,,,Wood Brace Rosaries Wood Brace Rosaries
بریښنالیک کیدی شي ډیر وخت وي، خو چوپړ وي!,"Email can be a huge time-suck, but it doesn’t have to be!",WMT20,,,"Email can be time consuming, but it can be boring!"
د وزير اعلیٰ سندهـ بيان په ضد به اېم کیو اېم,Air Chief Marshal Sohail Aman,WMT20,,,"In the meantime, we will be discussing the future of the country and the future of Afghanistan."
د نوي کوریا سبک لوله پلیکا، د زړه قلف ...,Stainless Steel Jewelry New Design Pink Bow Bow...,WMT20,,,"New Korean style type plaka, heart lock ..."
ب لوی بکس او يا نورو ځانګړو بستې پر غوښتنې امکان هم شته.,B. Big Bag or other special packages are possible on request.,WMT20,,,There is also the possibility of large boxes or other special cases on request.
فارسی - Resources available in Persian | QCOSS Community Door Skip to main content,د شرکت جوړېدنه | QCOSS Community Door Skip to main content,WMT20,,,QCOSS Community Door Skip to main content
felis Sed Nullam efficitur. dapibus felis Curabitur consequat. accumsan adipiscing ipsum اصلي محتوا ته لاړشی,felis Sed Nullam efficitur. dapibus felis Curabitur consequat. accumsan adipiscing ipsum Skip to main content,WMT20,,,felis Sed Nullam efficitur. dapibus felis Curabitur consequat. accumsan adipiscing ipsum go to original content
په مادي توګه د فرعي لیستونو جوړولو لپاره برخه.,Segment manually to create sub-lists.,WMT20,,,Physically part to create sub-lists.
نام :hebat ساعت : 10:14:52 AM تاریخ: 10 دي 1390,Name: Time : 7:21:37 AM Date : 6/2/2009,WMT20,,,Name :hebat Hour : 10:14:52 AM Date: 10 are 1390
د ټولنیزې سولې بهیر د ښځو په مشري د ولایتي کميټو له لارې پلی کیږي,2. promoting mutual respect between men and women.,WMT20,,,The social peace process is implemented through provincial committees led by women
په افغانستان کې لوموړنی اسلامي بانک پرانستل شو,Afghan minerals in the crosshairs of Blackwater's Erik Prince,WMT20,,,The first Islamic bank opened in Afghanistan
یوتلست 3B 3 ° E,Forum WeTeK Play on 4PDA,WMT20,,,Utopia 3B 3° E
", د جمهوريت د تانزانيا ته","Tanzania, United Republic of 1",WMT20,,,", the Republic of Tanzania"
USA-Casino-Online.com > د XXUMX وړیا ندی ډیری زیرمه کیونس د Play150Win Casino کې,USA-Casino-Online.com > Giochi Online Gratuiti > 3 Reel Slot 3 Reel Slot,WMT20,,,USA-Casino-Online.com > 150 Free No Deposit Bonus at Play150Win Casino
15 لیترونه د دوړو دوړو ثبوت تحلیل کونکی,15 Liters Double Dust Proof Dispersion Kneader,WMT20,,,15 liters dust dust proof analyzer
پروژه کلينيک سعادت آباد,Supply luminaires of Sabzevaar governorship project,WMT20,,,Project Clinic Saadatabad
**** (قانون جزای افغانستان ، ۱۳۵۵) .,America’s public reaction has been as remarkable as the disclosure…for the reaction has been no reaction.,WMT20,,,"**** (Afghan Penal Code, 1355)."
د کورس نوم: SCJA OCP جاوا SE 7 Programmer د روزنې او تصدیق کورس,Course name: CompTIA Security+ Certification Training,WMT20,,,Course Name: SCJA OCP Java SE 7 Programmer Training and Certification Course
د خصوصی حریم د ساتنی پالیسی د وروستی ځل لپاره د 2010 کال د مارچ په 2 بیا وکتل شوه.,This Privacy Policy was last updated on 2 March 2010.,WMT20,,,The Privacy Protection Policy was last revised on 2 March 2010.
لاس اګاس ، سان جوآن دی لا رمبلا ، ټینریف,"Las Aguas, San Juan de la Rambla , Tenerife",WMT20,,,"Las Agas, San Juan de la Rambla, Tenerife"
"سیټریک اسید - 1,7 ګرام","Citric Acid - 1,7 Gram",WMT20,,,"Citric acid - 1,7 grams"
یادونه: دا تفصیلات یواځې حواله ده، هر ډول بدلون د بال مل د تولید محصولات دي.,"Note:This specification is just reference,any changes are subject to the ball mill products.",WMT20,,,"Note: These details are for reference only, any changes to the ball mill are manufactured products."
د نشتوالي توجیه لپاره د بریښناليک ټلیفوني نومبر نومبر 25th، 2018,"Email template to justify an absence November 25th, 2018",WMT20,,,"E-mail telephone for justification of absence November 25th, 2018"
پاكسان در نمايشگاه بين المللي مواد شوينده و بهداشتي,Paxan cares about family health,WMT20,,,"In the meantime, we are going to have to look at some of the issues that have been discussed in the past."
اعظمي ریسایکل کول ، د پیسو مینځلو ماشینونه.,"Maximum Recycling,Money Making Machines.",WMT20,,,"Maximum recycling, money laundering machines."
لوبه: د لاری او میدانی زخاسته- د سخو 100 متره,"Discipline: Track & Field, Men's 100m Sprint",WMT20,,,Game: Track and field decorated- 100 meters of snow
د سرور اداره کولو لپاره د سرور کنټرول پینل (Plesk)، د ویډیو انسټالټ، ویب پاڼې سایټ، د کاروونکو کنترول، او ډاټابیسیز مدیریت.,"Server Control Panel (Plesk) for server management, WordPress installation, webmail setup, users control, and databases management.",WMT20,,,"Server control panel (Plesk) for server management, video installation, website site, user control, and database management."
سياست‌هاي پولي، اعتباري و نظارتي نظام بانکي کشور، مصوب يکهزار و يکصد و سي و چهارمين جلسه شوراي محترم پول و اعتبار مورخ 20/10/1390,"The main objectives of macroeconomic policies, in general, and monetary policies, in particular, are price stability, economic growth and a favorable employment level.... more",WMT20,,,"Political, Monetary and Supervisory System Banking Country, Resolution One Thousand One Hundred One Hundred Fourth Session Council Honorable Paul and Accreditation dated 20/10/1390"
"د خپرېدو نېټه: Sep 06, 2011","Publish Date: Nov 26, 2011",WMT20,,,"Published on: Sep 06, 2011"
ATHENA مشرتابه د عالي Bay,New LED High Bay With Graphene Housing,WMT20,,,ATHENA Leadership of the Great Bay
په انباؤن کې بازار موندنه یو غیر فعاله ستراتیژي ده چې تاسو ته تمه لري.,Inbound marketing is any passive strategy that attracts prospects to you.,WMT20,,,Inbound marketing is a passive strategy that is expected of you.
تلپاتې لرګيو کمپرسور د لېږد یو,Durable Wood Chips Screw Conveyor,WMT20,,,Permanent wood compressor a transfer
د ویګاس - 400٪ بکسونه د جولای په 19، 2018,"Slots Of Vegas - 400% Bonus An t-Iuchar 19, 2018",WMT20,,,"Vegas - 400% boxes on July 19, 2018"
په بامیانو کې میرمنو یو بریالی هنري بازار پرانیستی - The Migrant Project,Women in Bamiyan province set up successful art bazaar - The Migrant Project,WMT20,,,Women in Bamyan opened a successful art market - The Migrant Project
د جاکارتا قرآن کریم په مقابلو کښې د اندونیزیا ۴۲ ماشومانو مقابلې + انځور,"TEHRAN (IQNA) – Sheikh Mahmoud Abul Wafa al-Saeidi, a prominent Quran reciter in Egypt, died at the age of 64.",WMT20,,,42 Indonesian children compared to the Quran in Jakarta + image
1.5L مینی یوایسبی اسیریم د مچھلی ټانک LCD LCD Timer د لمر لامپ تور - shoppingxirect24.com - SDXNX,1.5L Mini USB Aquarium Fish Tank LCD Timer Clock LED Lamp Light Black – shoppingdirect24.com - SD24,WMT20,,,1.5L Mini USB Aquarium Fish Tank LCD LCD Timer Solar Lamp Black - shoppingxirect24.com - SDXNX
1. د ورکړې شرایط؟,1. Payment Terms ?,WMT20,,,1. Conditions of payment?
تاسو کولای تل په Wondershare عکس راستنولو تکیه وکړو فوجی عکس بیرته څخه فوجی د ګڼياليزې کامرې او عکسونه بیرته. ...,"If you want to recover data from your hard drive, you might need to find and the local hard drive recovery service and let staff here to help you. ...",WMT20,,,You can always rely on Wondershare Photo Recovery to recover Fuji Photo from Fuji Digital Camera and photos. ...
د مطالبو او انځورونو د بیا خپرولو لپاره زمونږ سره اړيکه ونیسئ,43: Should India change its Afghan strategy? 27.08.2013|Politics,WMT20,,,Contact us for re-publishing materials and images
نعت- څومره دي خوږ دی ښکلی نوم محمد (ﷺ),Don't call your self King of Kings! پښتو,WMT20,,,"The Prophet (peace and blessings of Allah be upon him) said: ""O Muhammad!"
د ټاکل شوې غونډې په اړه تر اوسه پورې، ښاغلی اتو او ات به زما ځای بدل کړي او یو تفصيلي راپور واستوي.,"Concerning the meeting scheduled so far, Mr. So-and-so will replace me and send me a detailed report.",WMT20,,,"As far as the scheduled meeting is concerned, Mr. Eight and Eight will change my seat and send a detailed report."
جرګه کښې به د فاټا،خیبرپښتونخوااودبلوچستان د پښتون ضلعو خلکو ته د شرکت بلنه ورکولی شي,"However, while our commitments are firm on finding a negotiated settlement taking along all key stake holders, we do not wish to raise false hopes and expectations.",WMT20,,,"The meeting will invite people from PATA, Khyber Pakhtunkhwa and Peshawar districts to attend the meeting."
د سبزۍ د يخچالونو,Meat Shop Butcher Refrigeration Equipment,WMT20,,,Greenhouse fridges
د 10 تاسي باید د 5 شبکې په اړه پوه شئ,Technologies 10 Tips You Should Know About 5G Network,WMT20,,,10 Things You Need to Know About Network 5
1-16 د د “”روزووډ Rosary”” 173 پايلې,1-16 of 173 results for “”Rosewood Rosary””,WMT20,,,1-16 Results of Rosary 173 of Rosary
نقل ځله به توپير په کتو سره خپل ځای:,Shipping times will vary depending on your location:,WMT20,,,The replication frequency will vary depending on your location:
کامرون - نګربه قتل عام: سمویل ایتو خپله چوپتیا ماتوي او په اسینوکس کې یې اعتماد کوي,Opinion | Winners and losers of democratic debate - New York Times,WMT20,,,Cameroon-Nigeribe massacre: Samuel Eto'o breaks his silence and relies on Asinox
ښونې او روزنې پوهنځی,Faculty of Social science,WMT20,,,Teaching and Training Faculty
د پوهنتون څخه بهر علمي مرکزونو سره د معلوماتو تبادله او همکاري.,· Providing education based on knowledge and experiment,WMT20,,,Information exchange and cooperation with academic centers outside the university.
254smo uns s31254 en1.4547 بولټونه او مغزونه 1-1 / 2 ”-8unx180mm تار تار راډ,254smo uns s31254 en1.4547 bolts and nuts 1-1/2”-8unx180mm thread rod,WMT20,,,254smo uns s31254 en1.4547 bolts and nuts 1-1 / 2 -8unx180mm wire wire rod
د ډراپ شاپنگ طاق غوره کړئ چې ګټور وي,Choose a dropshipping niche that's profitable,WMT20,,,Choose a drop-shopping niche that is useful
په ناروې کې ټول ماشومان د لس کلونو د زده کړې د تر لاسه کولو حق او دنده (مکلفیت) لري. همدارنګه ځوانان د ثانوي زده کړې حق لري.,"In Norway, all children have the right and obligation to ten years of schooling. Young people also have the right to upper secondary education.",WMT20,,,All children in Norway have the right and duty to receive ten years of education. Also young people have the right to secondary education.
په جرمني کې کوم مسلکونه شته؟,How can I find a job in Germany?,WMT20,,,What professions are there in Germany?
16 180 726 9-11 65-75 د وزن روښانه وزن,16 180 726 9-11 65-75 Light Weight fabric,WMT20,,,16 180 726 9-11 65-75 Light weight
ګام 5 مخلید او ړومینګ تليفون څخه ړنګ عکس بیرته,"Step 5 Preview û rêgirtina li photos jêbirin, ji telefonê BlackBerry",WMT20,,,Step 5 Retrieve deleted image from deleted and scrolling phone
په بشپړه توګه وړیا امتیاز او د ځینو هیوادونو لپاره، موږ تاسو تضمین کوو چې توکي مو ترلاسه کړئ.,"admin, admin on The most effective weight loss powder: Sibutramine powder(Meridia)",WMT20,,,"Completely free of charge and for some countries, we guarantee you get the goods."
څرخ د شګو مینځلو ماشین بیه,Wheel sand washing machine price,WMT20,,,Wheel sand washing machine price
1. په بشپړه توګه flaps (F8) وغځوي.,1. Fully extend flaps (F8).,WMT20,,,1. Fully extend flaps (F8).
تولید سرعت 3500-7200pieces / ساعت کچول شوی د بریښنا د 2.2kw,Production Speed 3500-7200pieces/hour Rated Power 2.2kw,WMT20,,,Production speed 3500-7200pieces / h Passed power 2.2kw
تخمونه: ستاسو روغتیا ته ګټې او زیانونه رسوي. نور څه؟ ډایټیټیسټ تشریح کوي,"When people take opiates, their health suffers Nonsteroidal anti-inflammatory Seeds: benefits and harms to your health. What more? Dietitian explains",WMT20,,,Seeds: Benefits and Harms to Your Health. What More? Explains Dietitian
Wondershare LiveBoot کمپيوټر چالان CD په اړه نور معلومات,Each solution takes you only 2 steps. It's quite easy.,WMT20,,,More info on Wondershare LiveBoot Computer Drive CD
د هېواد په شمال کې د جنبش ملي او جمیعت اسلامي ګوندونو ترمنځ نښتې,"For Australia in Afghanistan, victory was never an optionTony",WMT20,,,Protests between Nationalist and Jamaat Islamist parties in northern Afghanistan
دهرات ولايت دکډوالو او راستنېدونکوچارو رياست - دګډوالو او راستنیدونکو چارو وزارت,Directorate fo Refugees and Repatriations of Herat Province - Ministry of Refugees and Repatriations,WMT20,,,Department of Refugee and Refugee Affairs - Ministry of Refugee and Refugee Affairs
یوتلست 10A 10.0 ° E,SR: 27500 ksymb / S,WMT20,,,Utilised 10A 10.0 ° E
د موبايل په مخروط اوريزو نبات,Mobile Cone Crushing Plant,WMT20,,,A mobile cone orange plant
يو بنسټيز PL / کيو ايل snippet (نومه د بنديز) او يا هم په يو شمېر مرمۍ وسیله په يو وخت په دار وځړول (د ساري په کيو ايل * Plus) يا,A PL / SQL malika bingehîn (block neqeydkirî) yan jî di cih de li hin tool shell Bakûr (raxîne. SQL * Plus) an,WMT20,,,A basic PL/QL snippet (name blocking) or hanging on a number of repair tools at a time (serial in QL*Plus) or
د بحث سره یوځای غواړئ؟,Want to join the discussion?,WMT20,,,Would you like to join the discussion?
سندونه ISO9001 ، CE ، SGS ، API,"Certifications ISO9001,CE, SGS, API",WMT20,,,"Certificates ISO9001, CE, SGS, API"
Curator of Emirates Soil Museum Full-time أبريل ۲۳ ۲۰۱۸ يونيو ۱۸ ۲۰۱۸ ICBACSD-SMC-2018-003,Business Development Specialist Full-time Jan 31 2018 Mar 18 2018 ICBAPKM-BDS-2018-001,WMT20,,,"Curator of Emirates Soil Museum Full-time April 23, 2018 June 18, 2018 ICBACSD-SMC-2018-003"
تبدیل ماشوم د موټر څوکۍ,Baby Car Booster Seat,WMT20,,,Changing Child Car Seat
د خراب کولیسټرول په کچه کې زیاتوالى، له دې امله، د سټروک یا د زړه حملې خطرونو تمرکز کوي,"An increase in the level of bad cholesterol, hence, spiking up the risks of strokes or heart attacks",WMT20,,,"Increased levels of bad cholesterol, therefore, focus on the risk of stroke or heart attack"
۴۵۰ افغان زده کونکي په ټولو تحصیلي پړاؤنو کښې په ایران کښې ښوونځي ته ځي,Over 3.5 million Afghan Children Missing right to Education: Save the Children,WMT20,,,450 Afghan students go to school in Iran in all academic stages
7.5M د صفا جوړولو، پن ډول ډول - Buildinglift.com جوړولو لپاره 800 کلوګرام معطل شوي پلیټینټونه جوړ کړي,"7.5M customized 800 Kg suspended platforms for building cleaning , pin - type - Buildinglift.com",WMT20,,,"7.5M builds 800kg suspended platforms for the construction of shaft, pin type - Buildinglift.com"
د BMW X5 نوې جبهه چپ ځنډولو برخه هوا S ...,FOR BMW X5 NEW FRONT LEFT SUSPENSION PART AIR S...,WMT20,,,BMW X5 new front left suspension part air s...
Rikoooo.com يوه فرانسوي وېب پاڼه وقف کمپيوټر فرضی (د ولايتي شورا)، په عمده توګه د Microsoft سافټ «دالوتني سیمیولیټر» او Lockheed Martin «Prepar3D» تمرکز، سره اړه Laminar د څیړنې «X-الوتکه» د ځینو عناصرو ده.,"Rikoooo.com is a French Website devoted to computer simulation (on PC), mainly focused on the Microsoft software «Flight Simulator» and Lockheed Martin «Prepar3D», with some elements concerning Laminar Research «X-Plane».",WMT20,,,"Rikoooo.com is a French website dedicated to computer simulator (s), mainly focusing on Microsoft Software Flight Simulator and Lockheed Martin Prepar3D, with some elements of research about Laminar X-Plane."
