source,reference,m2m100_prediction,mbart50_prediction
105 زیرمې بک په PocketFruity بک امتیازات نه,"Ang 'Lucky New Year' ay LIVE sa Black Diamond, Spartan Slots at Box 24!",105 Subscripts in PocketFruity Back No Rates,105 no deposit casino bonus at PocketFruity Casino
.: پاييز 1392، جلد 9، شماره 3,.: Year 12، No. 2,".: February 1392, page 9, number 3",".: Final 1392, Volume 9, No. 3"
سامسونګ له خپلو نويو موبایلونو پرده پورته کړه,Abdullah says won't join election ticket of any presidential...,Samsung raises its new cell phones,Samsung unlocks its new mobile phones
د ویب پاڼې ازموینه، د سیسټم څخه چې په شیکاګو کې موقعیت لري، TTFB: 486ms.,"Webpage Test, from server located at Chicago, TTFB: 486ms.","The website test, from the system located in Chicago, TTFB: 486ms.","Website testing, from the system located in Chicago, TTFB: 486ms."
ذخيره شما: $2.40 (60%),Bazic #2B Premium Wood Pencil - 12/Pack,Your deposit: $2.40 (60%),Saving You: $2.40 (60%)
تناوب ظرفیت: 20 ټنه اعظمي,Rotation capacity 20 tons maximum,Circular capacity: 20 tons maximum,Rotation Capacity: 20 tons max
PE کاربن Spiral پیاوړی نل تولید,Plastic Pipe Production Line,PE Carbon Spiral Pipe Neal Production,PE Carbon Spiral Reinforced Pipe Production Line
4 Min BGA او مايکرو BGA جګوالی او توپ حساب 0،008 په. (0.2mm) جګوالی، توپ حساب د 1000 څخه زیات,"4 Min BGA and Micro BGA pitch and ball counts 0.008 in. (0.2mm) pitch, ball count greater than 1000","4 Min BGA and Micro BGA height and ball account at 0.008. (0.2mm) height, ball account more than 1000","4 Min BGA and Micro BGA depth and ball count 0,008 in. (0.2mm) depth, ball count more than 1000"
نړیواله ډله: د اسلامی هیوادونو د غونډو ترمنځه اتحادیه ۱۱ کانفرانس په د بهمن میاشته څلورم نېټې باندې د اسلامی شورا غونډې مشر په شتون سره بغداد کې شروع شو.,TEHRAN (IQNA) – The United Arab Emirates’ Ministry of Culture and Knowledge Development plans to launch the ninth session of the Ramadan Forum for Quran calligraphy at Dubai Festival City on Sunday.,International Assembly: The 11th Union Conference between the Islamic Countries begins in Baghdad on the fourth day of the Islamic Council meeting with the members of the Islamic Council.,TEHRAN (IQNA) – The Islamic Republic of Iran (Islamic Republic of) and the Islamic Republic of Iran (Islamic Republic of) jointly convened a ceremony to mark the fiftieth anniversary of the establishment of the Islamic Republic of Iran (Islamic Republic of) in Iran.
د هند حیدرآباد جومات په کلینیک کښې د بېلابېلو دینونو منونکو نه ښه راغلاست,Young Australian Arbaeen Pilgrim Talks about How Everyone Is Attracted to Imam Hussein (AS),India Hyderabad Jomates Clinic Line is not good for different religions customers,"A ceremony was held in Hyderabad, India to mark the tenth anniversary of the birth of Imam Jafar Sadiq (AS) and Imam Khomeini."
4 متره لاس ترس,Big Aluminum Stage TSA-4,4 meters hand fear,4 meters hand ترس
HGH کلینیک تایلنډ - په بنکاک کې د درملتون څخه د انتقال جینتروپین,HGH Kit Thailand - kit of Genotropin pens from Pfizer in Bangkok,HGH Clinic Thailand - Gintropin Transfer from Drums in Bangkok,HGH Clinic Thailand - Delivery Genotropin from pharmacy in Bangkok
ټول د نیپون هوايي شرکت (3 liveries),All Nippon Airways (3 liveries),All of Nippon Airlines (3 liveries),All Nippon Airlines (3 liveries)
د مرستیال ژوند لیک د راجستر شویو سیاسی حزبونو لیست,Deputy Minister in Social Affairs - ‌Biography,List of Registered Political Parties,List of Registered Political Parties
د کیسې کیسه کولو تخنیک #7. د لوستونکي کیسه شریک کړئ ...,Storytelling technique #7. Share a reader's story…,Case Packing Technique #7. Share the Reader’s Bag...,Storytelling Technique #7. Share a reader’s story...
نیلي پرده کې تېروتنه,Lahenda väljastamine Arvuti +,Nile in the walls,"Recover deleted files, photos, audio, music, emails from any storage device effectively, safely and completely."
PEX پایپ extrusion ماشین,Pvc Pipe Extruder Machine,PEX Pipe Extrusion Machine,PEX pipe extrusion machine
© کوه رون ته ځي. کوه رونګ ټاپو، کرون پریه سیانکوک، کمبوډیا,"How to Get to Koh Rong (From Sihanoukville, Phnom Penh & More)",© Koh Rong to Koh Rong to Koh Rong to Koh Rong to Koh Rong to Koh Rong to Koh Rong to Koh Rong to Koh Rong,"© Visit Koh Rong. Koh Rong Island, Koh Rong Samloem, Cambodia"
ټیزس ریلی جان 13، 2020 0,They may also have credit card or personal debt.”,"Tez Rail Jan 13, 2020 0","Titus Riley Jan 13, 2020 0"
ښه والی د معلوماتو په زیرمه زيانمن ټولو ډول دوتنې وځلیږي لکه د جدولونو، چارتونه، فورمولونه، تبصرې، انځورونه او داسې نور.,There are two modes of the program i.e. Wizard mode and the Standard mode which makes the program equally usable for all the users and therefore it is highly recommended.,"Improved information underlying all kinds of medications, such as tables, charts, formulas, comments, images, and so on.","Recover lost or deleted files, photos, audio, music, emails from any storage device effectively, safely and completely. Supports data recovery from recycle bin, hard drive, memory card, flash drive, digital camera and camcorders."
له کوره د کرزي د تېښتې اوازه هم خپره شوې ده او ویل کېږي، چې له کوره وتلی دی او معلومه نه ده، چې چېرته تښتېدلی دی؟,"We try to reduce violence against women in Bamyan, Karima Salek says","The House’s Crossing Review is also published and remains, that the House has a crossing and is not clear, which is a crossing?","The Afghan Voice Agency (AVA), International Service, has been reporting on the situation in the country."
د څپې د پسرلي فشار محاسبه,Calculation Of Wave Spring Pressure,Calculation of the shoulder pressure,Calculation of spring pressure of wave
دڅیړنوپایلې اوپه هیوادکې دسرطان ناروغۍ:,Mr Tanha is awarded the first research poster prize.,Diagnosis of Cancer Disease in the Country:,Research conclusions and cancer in the country:
د FileCatalyst او کارینګ انډول پیژندنه,Understanding the FileCatalyst and Caringo Integration,FileCatalyst and Caring Add-ons,Introduction to FileCatalyst & Karbon Integration
2.If د محصول اندازه دي لویو، موږ به تاسو ته يو څه تخفيف ورکړي.,"2.If the product quantities are larger, we will give you a discount.","2.If the product size is large, we will give you some discount.","2.If the product size is larger,we will give you some discount."
Wood غاړکۍ Rosaries Wood غاړکۍ Rosaries,Wood Necklace Rosaries Wood Necklace Rosaries,Wood Road Rosaries Wood Road Rosaries,Wood Bouquet Rosaries Wood Bouquet Rosaries
بریښنالیک کیدی شي ډیر وخت وي، خو چوپړ وي!,"Email can be a huge time-suck, but it doesn’t have to be!","Electronics can be a lot of time, but a lot of time!","Email can be a long time, but be polite!"
د وزير اعلیٰ سندهـ بيان په ضد به اېم کیو اېم,Air Chief Marshal Sohail Aman,The Minister of Higher Sanjay’s statement against Yem Kyo Yem,Minister of Interior Meets with President of Afghanistan
د نوي کوریا سبک لوله پلیکا، د زړه قلف ...,Stainless Steel Jewelry New Design Pink Bow Bow...,"New Korea Style Pipe Polica, Heart Load...",New Korea Style Stainless Steel Heart Lock...
ب لوی بکس او يا نورو ځانګړو بستې پر غوښتنې امکان هم شته.,B. Big Bag or other special packages are possible on request.,There is also the possibility of large box or other special boxes on requests.,b Large box or other special packages are also possible on request.
فارسی - Resources available in Persian | QCOSS Community Door Skip to main content,د شرکت جوړېدنه | QCOSS Community Door Skip to main content,Faroe - Resources available in Faroe QCOSS Community Door Skip to main content,Persian - Resources available in Persian | QCOSS Community Door Skip to main content
felis Sed Nullam efficitur. dapibus felis Curabitur consequat. accumsan adipiscing ipsum اصلي محتوا ته لاړشی,felis Sed Nullam efficitur. dapibus felis Curabitur consequat. accumsan adipiscing ipsum Skip to main content,felis Sed Nullam efficitur. dapibus felis Curabitur consequat. accumsan adipiscing ipsum main content,felis Seeds. felis Seeds. felis Seeds Skip to main content
په مادي توګه د فرعي لیستونو جوړولو لپاره برخه.,Segment manually to create sub-lists.,Materially part to create sublists.,Part to make sub-lists materially.
نام :hebat ساعت : 10:14:52 AM تاریخ: 10 دي 1390,Name: Time : 7:21:37 AM Date : 6/2/2009,Name :hebat hour : 10:14:52 AM Date: 10 on 1390,Name:hebat Time: 10:14:52 AM Date: 10 am 1390
د ټولنیزې سولې بهیر د ښځو په مشري د ولایتي کميټو له لارې پلی کیږي,2. promoting mutual respect between men and women.,Social Peace Enhancement Women's Council is spread through state committees,Social peace process is implemented through women’s leadership through provincial committees
په افغانستان کې لوموړنی اسلامي بانک پرانستل شو,Afghan minerals in the crosshairs of Blackwater's Erik Prince,First Islamic Bank in Afghanistan,Inauguration of the first Islamic Bank in Afghanistan
یوتلست 3B 3 ° E,Forum WeTeK Play on 4PDA,Italistic 3B 3 ° E,UL 3B 3°E
", د جمهوريت د تانزانيا ته","Tanzania, United Republic of 1",", Republic of Tanzania",", Republic of Tanzania to"
USA-Casino-Online.com > د XXUMX وړیا ندی ډیری زیرمه کیونس د Play150Win Casino کې,USA-Casino-Online.com > Giochi Online Gratuiti > 3 Reel Slot 3 Reel Slot,USA-Casino-Online.com > The XXUMX Free Multi-Subscription Casino at Play150Win Casino,USA-Casino-Online.com > XXUMX Free no deposit casino at Play150Win Casino
15 لیترونه د دوړو دوړو ثبوت تحلیل کونکی,15 Liters Double Dust Proof Dispersion Kneader,15 liters of long duration evidence analysis,15 Liters Dust Dust Proof Dispersion Kneader
پروژه کلينيک سعادت آباد,Supply luminaires of Sabzevaar governorship project,Project Clinic of Saadabad,Project Directorate
**** (قانون جزای افغانستان ، ۱۳۵۵) .,America’s public reaction has been as remarkable as the disclosure…for the reaction has been no reaction.,"**** (Law of Afghanistan, 1355).","**** (Afghan Penal Code, 1355)."
د کورس نوم: SCJA OCP جاوا SE 7 Programmer د روزنې او تصدیق کورس,Course name: CompTIA Security+ Certification Training,Course Name: SCJA OCP Java SE 7 Programming Training and Certification Course,Course Name: SCJA OCP Java SE 7 Programmer Training & Certification Course
د خصوصی حریم د ساتنی پالیسی د وروستی ځل لپاره د 2010 کال د مارچ په 2 بیا وکتل شوه.,This Privacy Policy was last updated on 2 March 2010.,"The private privacy protection policy was repealed on March 2, 2010 for the first time.","The Privacy Policy was revised for the last time on March 2, 2010."
لاس اګاس ، سان جوآن دی لا رمبلا ، ټینریف,"Las Aguas, San Juan de la Rambla , Tenerife","Las Vegas, San Juan and La Rambla, Tenerife","Las Vegas, San Juan de la Rambla, Tenerife"
"سیټریک اسید - 1,7 ګرام","Citric Acid - 1,7 Gram",Citric acid - 1.7 grams,Sitric acid - 1.7 grams
یادونه: دا تفصیلات یواځې حواله ده، هر ډول بدلون د بال مل د تولید محصولات دي.,"Note:This specification is just reference,any changes are subject to the ball mill products.","Note: This details is a single reference, any type of change is a ball mill production products.","Note: These details are only reference, any changes are the ball mill production products."
د نشتوالي توجیه لپاره د بریښناليک ټلیفوني نومبر نومبر 25th، 2018,"Email template to justify an absence November 25th, 2018","Release Reason for Electronic Telephone November 25th, 2018","Email template to justify absence November 25th, 2018"
پاكسان در نمايشگاه بين المللي مواد شوينده و بهداشتي,Paxan cares about family health,Paksan International Exhibition Materials Manufacturers and Healthcare,"Pak-Turkey-Afghan sides discuss regional situation Bicycle bomb kills 2 Afghans, wounds 10"
اعظمي ریسایکل کول ، د پیسو مینځلو ماشینونه.,"Maximum Recycling,Money Making Machines.","Major recycling, cash mixing machines.","Maximum recycling, money washing machines."
لوبه: د لاری او میدانی زخاسته- د سخو 100 متره,"Discipline: Track & Field, Men's 100m Sprint",Games: The Lary and Field Screenshots- 100 meters,Game: Road and field bravery- 100 meters of sprints
د سرور اداره کولو لپاره د سرور کنټرول پینل (Plesk)، د ویډیو انسټالټ، ویب پاڼې سایټ، د کاروونکو کنترول، او ډاټابیسیز مدیریت.,"Server Control Panel (Plesk) for server management, WordPress installation, webmail setup, users control, and databases management.","Server Management is a server control panel (Plesk), video integration, website, user control, and data management.","Server control panel (Plesk), video installation, website site, user control, and database management to manage the server."
سياست‌هاي پولي، اعتباري و نظارتي نظام بانکي کشور، مصوب يکهزار و يکصد و سي و چهارمين جلسه شوراي محترم پول و اعتبار مورخ 20/10/1390,"The main objectives of macroeconomic policies, in general, and monetary policies, in particular, are price stability, economic growth and a favorable employment level.... more","Politics, credit and supervision system banking country, approved a thousand hundred and thirty fourth session of the Council of Honored Money and Credit Date 20/10/1390","Financial Policy, Credit and Supervision System of the Banking State, Approved 1,100,000th Session of the Council of the Minister of Credit and Credit History 20/10/1390"
"د خپرېدو نېټه: Sep 06, 2011","Publish Date: Nov 26, 2011","Date of publication: Sep 06, 2011","Publish Date: Sep 06, 2011"
ATHENA مشرتابه د عالي Bay,New LED High Bay With Graphene Housing,ATHENA Counselling High Bay,ATHENA LED High Bay
په انباؤن کې بازار موندنه یو غیر فعاله ستراتیژي ده چې تاسو ته تمه لري.,Inbound marketing is any passive strategy that attracts prospects to you.,Holding the market in stock is an inactive strategy that you have a theme.,Inbound marketing is an inactive strategy that you expect.
تلپاتې لرګيو کمپرسور د لېږد یو,Durable Wood Chips Screw Conveyor,Compressor Compressor Transmission,Persistent Wood Screw Conveyor
د ویګاس - 400٪ بکسونه د جولای په 19، 2018,"Slots Of Vegas - 400% Bonus An t-Iuchar 19, 2018","Vegas - 400% Boxing on July 19, 2018","Vegas - 400% Bonuses July 19, 2018"
په بامیانو کې میرمنو یو بریالی هنري بازار پرانیستی - The Migrant Project,Women in Bamiyan province set up successful art bazaar - The Migrant Project,The Migrant Project - The Migrant Project - The Migrant Project,Women open a successful art market in Bamyan - The Migrant Project
د جاکارتا قرآن کریم په مقابلو کښې د اندونیزیا ۴۲ ماشومانو مقابلې + انځور,"TEHRAN (IQNA) – Sheikh Mahmoud Abul Wafa al-Saeidi, a prominent Quran reciter in Egypt, died at the age of 64.",Jakarta Qur'an Crime Confrontation Line Indonesia 42 Children's Confrontation + Image,"Quran Competition in Jakarta, Indonesia + Photo"
1.5L مینی یوایسبی اسیریم د مچھلی ټانک LCD LCD Timer د لمر لامپ تور - shoppingxirect24.com - SDXNX,1.5L Mini USB Aquarium Fish Tank LCD Timer Clock LED Lamp Light Black – shoppingdirect24.com - SD24,1.5L Mini USB Asymmetrical Wire Tank LCD Timer Lighting Tor - shoppingxirect24.com - SDXNX,1.5L Mini Universal Assurance Fish Tank LCD LCD Timer Solar Lamp Black - shoppingxirect24.com - SD24
1. د ورکړې شرایط؟,1. Payment Terms ?,1. Conditions of Delivery?,1. Payment terms?
تاسو کولای تل په Wondershare عکس راستنولو تکیه وکړو فوجی عکس بیرته څخه فوجی د ګڼياليزې کامرې او عکسونه بیرته. ...,"If you want to recover data from your hard drive, you might need to find and the local hard drive recovery service and let staff here to help you. ...",You can rely on the Wondershare photo redirect with a fuzzy photo back from fuzzy digital cameras and photos back....,More >
د مطالبو او انځورونو د بیا خپرولو لپاره زمونږ سره اړيکه ونیسئ,43: Should India change its Afghan strategy? 27.08.2013|Politics,Please do not join us for subsequent publication of content and images,17.10.2013|Politics Picture story 13: The rise of the Taliban
نعت- څومره دي خوږ دی ښکلی نوم محمد (ﷺ),Don't call your self King of Kings! پښتو,The name of Muhammad (sallallahu alayhi wa sallam) is the name of Muhammad (sallallahu alayhi wa sallam).,Miracle of the Prophet (pbuh)
د ټاکل شوې غونډې په اړه تر اوسه پورې، ښاغلی اتو او ات به زما ځای بدل کړي او یو تفصيلي راپور واستوي.,"Concerning the meeting scheduled so far, Mr. So-and-so will replace me and send me a detailed report.","Until now, about the appointed meeting, the council and you will change my place and submit a detailed report.","So far, Mr. Eight and I will change my seat and send a detailed report on the scheduled meeting."
جرګه کښې به د فاټا،خیبرپښتونخوااودبلوچستان د پښتون ضلعو خلکو ته د شرکت بلنه ورکولی شي,"However, while our commitments are firm on finding a negotiated settlement taking along all key stake holders, we do not wish to raise false hopes and expectations.","Wire Lines will be granted to the company to the people of Fatah,Gibernia,Bulgaria",Pakistan’s Chief Cabinet Meets with Speaker of Afghanistan’s Parliament
د سبزۍ د يخچالونو,Meat Shop Butcher Refrigeration Equipment,The Green Refrigerator,Vietnamese
د 10 تاسي باید د 5 شبکې په اړه پوه شئ,Technologies 10 Tips You Should Know About 5G Network,The 10 Essays Should Know About the 5 Networks,10 Things You Should Know About 5 Networks
1-16 د د “”روزووډ Rosary”” 173 پايلې,1-16 of 173 results for “”Rosewood Rosary””,1-16 of “Rossi Rosary” 173 pages,1-16 results of the “”Rosewood Rosary”” 173
نقل ځله به توپير په کتو سره خپل ځای:,Shipping times will vary depending on your location:,Shipping will differ with your location in the following:,Quote times will vary depending on your location:
کامرون - نګربه قتل عام: سمویل ایتو خپله چوپتیا ماتوي او په اسینوکس کې یې اعتماد کوي,Opinion | Winners and losers of democratic debate - New York Times,Cameroon - Ancient Assassination: Samuel dies his own guardianship and trusts himself in Sinox,Cameroon – Hostgator Killing Common: Samloel Ito breaks his silence and trusts it in Linux
ښونې او روزنې پوهنځی,Faculty of Social science,Showing and teaching,Education Faculty
د پوهنتون څخه بهر علمي مرکزونو سره د معلوماتو تبادله او همکاري.,· Providing education based on knowledge and experiment,Information exchange and collaboration with scientific centers from the University.,Exchange of information and cooperation with academic centers outside the university.
254smo uns s31254 en1.4547 بولټونه او مغزونه 1-1 / 2 ”-8unx180mm تار تار راډ,254smo uns s31254 en1.4547 bolts and nuts 1-1/2”-8unx180mm thread rod,254smo uns s31254 en1.4547 balls and brains 1-1 / 2 ”-8unx180mm thread radio,254smo uns s31254 en1.4547 bolts and nuts 1-1/2”-8unx180mm wire wire rod
د ډراپ شاپنگ طاق غوره کړئ چې ګټور وي,Choose a dropshipping niche that's profitable,Choose the Drop Shop Tape that is Good,Choose a drop-shaping shelf that is useful
په ناروې کې ټول ماشومان د لس کلونو د زده کړې د تر لاسه کولو حق او دنده (مکلفیت) لري. همدارنګه ځوانان د ثانوي زده کړې حق لري.,"In Norway, all children have the right and obligation to ten years of schooling. Young people also have the right to upper secondary education.",All women in the age have the right to obtain and pay (cost) for years of education. Also young people have the right to secondary education.,All children in Norway have the right and obligation to study for ten years. Young people also have the right to secondary education.
په جرمني کې کوم مسلکونه شته؟,How can I find a job in Germany?,What are the traditions in Germany?,What professions are available in Germany?
16 180 726 9-11 65-75 د وزن روښانه وزن,16 180 726 9-11 65-75 Light Weight fabric,16 180 726 9-11 65-75 weight weight,16 180 726 9-11 65-75 Light weight
ګام 5 مخلید او ړومینګ تليفون څخه ړنګ عکس بیرته,"Step 5 Preview û rêgirtina li photos jêbirin, ji telefonê BlackBerry",GAM 5 REVIEW AND REVIEW PHOTOS FROM TELEFONE,Step 5 Preview and recover deleted photos from Samsung phone
په بشپړه توګه وړیا امتیاز او د ځینو هیوادونو لپاره، موږ تاسو تضمین کوو چې توکي مو ترلاسه کړئ.,"admin, admin on The most effective weight loss powder: Sibutramine powder(Meridia)","In a completely free rating and for some countries, we guarantee you that you will get the product.","Fully free patent and for some countries, we guarantee you to get the goods we have."
څرخ د شګو مینځلو ماشین بیه,Wheel sand washing machine price,Wheel wheat mixing machine,Wheel Sand Washing Machine Price
1. په بشپړه توګه flaps (F8) وغځوي.,1. Fully extend flaps (F8).,1. Completely fold flaps (F8).,1. Fully extend flaps(F8).
تولید سرعت 3500-7200pieces / ساعت کچول شوی د بریښنا د 2.2kw,Production Speed 3500-7200pieces/hour Rated Power 2.2kw,Production speed 3500-7200pieces / hour cut power 2.2kw,Production Speed 3500-7200pieces/hour Rated Power 2.2kw
تخمونه: ستاسو روغتیا ته ګټې او زیانونه رسوي. نور څه؟ ډایټیټیسټ تشریح کوي,"When people take opiates, their health suffers Nonsteroidal anti-inflammatory Seeds: benefits and harms to your health. What more? Dietitian explains",Remedies: Your health benefits and losses. What more? DataSite explains,Seeds: Benefits and disadvantages to your health. What more?
Wondershare LiveBoot کمپيوټر چالان CD په اړه نور معلومات,Each solution takes you only 2 steps. It's quite easy.,More information about Wondershare LiveBoot PC CD,Wondershare LiveBoot Computer Boot CD More Information
د هېواد په شمال کې د جنبش ملي او جمیعت اسلامي ګوندونو ترمنځ نښتې,"For Australia in Afghanistan, victory was never an optionTony",The country's northern conflict between the national and community Islamic parties movement,Afghan Presidential Candidates Raise Vote-Fraud Fears
دهرات ولايت دکډوالو او راستنېدونکوچارو رياست - دګډوالو او راستنیدونکو چارو وزارت,Directorate fo Refugees and Repatriations of Herat Province - Ministry of Refugees and Repatriations,Department of State Deputies and Deputies - Department of Deputies and Deputies,Directorate fo Refugees and Repatriations of Badakhshan Province - Ministry of Refugees and Repatriations
یوتلست 10A 10.0 ° E,SR: 27500 ksymb / S,Yutlest 10A 10.0 ° E,UL 10A 10.0 ° E
د موبايل په مخروط اوريزو نبات,Mobile Cone Crushing Plant,Mobile Concrete Oreo Plants,Mobile Cone Crushing Plant
يو بنسټيز PL / کيو ايل snippet (نومه د بنديز) او يا هم په يو شمېر مرمۍ وسیله په يو وخت په دار وځړول (د ساري په کيو ايل * Plus) يا,A PL / SQL malika bingehîn (block neqeydkirî) yan jî di cih de li hin tool shell Bakûr (raxîne. SQL * Plus) an,a basic PL / Qiel snippet (Note Bands) or a number of remedies in a time (the whole Qiel * Plus) or,A basic PL/SQL snippet (new block) or a temporary snippet in some shell tool (e.g. SQL*Plus) or
د بحث سره یوځای غواړئ؟,Want to join the discussion?,Want to discuss together?,Want to join the discussion?
سندونه ISO9001 ، CE ، SGS ، API,"Certifications ISO9001,CE, SGS, API","Documents ISO9001, CE, SGS, API","Certificates ISO9001, CE, SGS, API"
Curator of Emirates Soil Museum Full-time أبريل ۲۳ ۲۰۱۸ يونيو ۱۸ ۲۰۱۸ ICBACSD-SMC-2018-003,Business Development Specialist Full-time Jan 31 2018 Mar 18 2018 ICBAPKM-BDS-2018-001,"Curator of Emirates Soil Museum Full-time April 23, 2018 June 18, 2018 ICBACSD-SMC-2018-003",Curator of Emirates Soil Museum Full-time April 23 2018 June 18 2018 ICBACSD-SMC-2018-003
تبدیل ماشوم د موټر څوکۍ,Baby Car Booster Seat,Convert child car seat,Baby Car Seat
د خراب کولیسټرول په کچه کې زیاتوالى، له دې امله، د سټروک یا د زړه حملې خطرونو تمرکز کوي,"An increase in the level of bad cholesterol, hence, spiking up the risks of strokes or heart attacks","Increase in cholesterol, therefore, focuses on the risk of stroke or heart attack","Increased levels of bad cholesterol, therefore, focuses on the risks of steroids or heart attacks"
۴۵۰ افغان زده کونکي په ټولو تحصیلي پړاؤنو کښې په ایران کښې ښوونځي ته ځي,Over 3.5 million Afghan Children Missing right to Education: Save the Children,450 Afghan students in all academic classes in Iran list schools,Afghan Students Attend Schools in All Educational Areas in Iran
7.5M د صفا جوړولو، پن ډول ډول - Buildinglift.com جوړولو لپاره 800 کلوګرام معطل شوي پلیټینټونه جوړ کړي,"7.5M customized 800 Kg suspended platforms for building cleaning , pin - type - Buildinglift.com","7.5M to build the shape, the type - Buildinglift.com to build 800 kg suspended platforms","7.5M cleaning,pen type type - Buildinglift.com make 800kg suspended platforms for construction"
د BMW X5 نوې جبهه چپ ځنډولو برخه هوا S ...,FOR BMW X5 NEW FRONT LEFT SUSPENSION PART AIR S...,The BMW X5 new front left swing part air S...,BMW X5 new front left suspension part air s...
Rikoooo.com يوه فرانسوي وېب پاڼه وقف کمپيوټر فرضی (د ولايتي شورا)، په عمده توګه د Microsoft سافټ «دالوتني سیمیولیټر» او Lockheed Martin «Prepar3D» تمرکز، سره اړه Laminar د څیړنې «X-الوتکه» د ځینو عناصرو ده.,"Rikoooo.com is a French Website devoted to computer simulation (on PC), mainly focused on the Microsoft software «Flight Simulator» and Lockheed Martin «Prepar3D», with some elements concerning Laminar Research «X-Plane».","Rikoooo.com is a French part page dedicated to the computer assumption (the State Council), primarily focused on Microsoft software «Symulator» and Lockheed Martin «Prepar3D», with some elements of Laminar research «X-Rock».","Rikoooo.com is a French website dedicated to computer hypothesis (PC), mainly focusing on Microsoft software “Outside Simulator” and Lockheed Martin “Prepar3D”, with some elements of Laminar’s research “X-Airplane”."
