pashto,english,prediction
105 زیرمې بک په PocketFruity بک امتیازات نه,"Ang 'Lucky New Year' ay LIVE sa Black Diamond, Spartan Slots at Box 24!",105 deposit book on PocketFruity book no bonuses
.: پاييز 1392، جلد 9، شماره 3,.: Year 12، No. 2,": p. 1392, volume 9, number 3"
سامسونګ له خپلو نويو موبایلونو پرده پورته کړه,Abdullah says won't join election ticket of any presidential...,Samsung unveiled its new phones
د ویب پاڼې ازموینه، د سیسټم څخه چې په شیکاګو کې موقعیت لري، TTFB: 486ms.,"Webpage Test, from server located at Chicago, TTFB: 486ms.","Website test, from a system based in Chicago, TTFB: 486ms."
ذخيره شما: $2.40 (60%),Bazic #2B Premium Wood Pencil - 12/Pack,Savings: $2.40 (60%)
تناوب ظرفیت: 20 ټنه اعظمي,Rotation capacity 20 tons maximum,Turning capacity: 20 tonnes maximum
PE کاربن Spiral پیاوړی نل تولید,Plastic Pipe Production Line,PE Carbon Spiral Strengthened Pipe Production
4 Min BGA او مايکرو BGA جګوالی او توپ حساب 0،008 په. (0.2mm) جګوالی، توپ حساب د 1000 څخه زیات,"4 Min BGA and Micro BGA pitch and ball counts 0.008 in. (0.2mm) pitch, ball count greater than 1000","4 Min BGA and Micro BGA accuracy and ball count 0.008 in. (0.2mm) accuracy, ball count greater than 1000"
نړیواله ډله: د اسلامی هیوادونو د غونډو ترمنځه اتحادیه ۱۱ کانفرانس په د بهمن میاشته څلورم نېټې باندې د اسلامی شورا غونډې مشر په شتون سره بغداد کې شروع شو.,TEHRAN (IQNA) – The United Arab Emirates’ Ministry of Culture and Knowledge Development plans to launch the ninth session of the Ramadan Forum for Quran calligraphy at Dubai Festival City on Sunday.,International Group: The 11th Conference of the League of Islamic States began in Baghdad on the fourth day of the meeting of the Islamic Council in the presence of the head of the Islamic Council.
د هند حیدرآباد جومات په کلینیک کښې د بېلابېلو دینونو منونکو نه ښه راغلاست,Young Australian Arbaeen Pilgrim Talks about How Everyone Is Attracted to Imam Hussein (AS),Hyderabad mosque in India welcomes people of different faiths to the clinic
4 متره لاس ترس,Big Aluminum Stage TSA-4,4 meters
HGH کلینیک تایلنډ - په بنکاک کې د درملتون څخه د انتقال جینتروپین,HGH Kit Thailand - kit of Genotropin pens from Pfizer in Bangkok,HGH Clinic Thailand - transfer genotropin from a pharmacy in Bangkok
ټول د نیپون هوايي شرکت (3 liveries),All Nippon Airways (3 liveries),All Nippon Airlines (3 liveries)
د مرستیال ژوند لیک د راجستر شویو سیاسی حزبونو لیست,Deputy Minister in Social Affairs - ‌Biography,List of registered political parties
د کیسې کیسه کولو تخنیک #7. د لوستونکي کیسه شریک کړئ ...,Storytelling technique #7. Share a reader's story…,Storytelling technique #7. Share the reader's story...
نیلي پرده کې تېروتنه,Lahenda väljastamine Arvuti +,Blue screen error
PEX پایپ extrusion ماشین,Pvc Pipe Extruder Machine,PEX pipe extrusion machine
© کوه رون ته ځي. کوه رونګ ټاپو، کرون پریه سیانکوک، کمبوډیا,"How to Get to Koh Rong (From Sihanoukville, Phnom Penh & More)","© Going to Koh Rong Island, Crown Pride Siancook, Cambodia"
ټیزس ریلی جان 13، 2020 0,They may also have credit card or personal debt.”,"Thesis Relay January 13, 2020 0"
ښه والی د معلوماتو په زیرمه زيانمن ټولو ډول دوتنې وځلیږي لکه د جدولونو، چارتونه، فورمولونه، تبصرې، انځورونه او داسې نور.,There are two modes of the program i.e. Wizard mode and the Standard mode which makes the program equally usable for all the users and therefore it is highly recommended.,"Improvement reduces the loss of data in all types of files such as tables, charts, formulas, comments, images, etc."
